2026-06-08 20:28:18,627 - [ INFO ] - --- INICIANDO WEB SCRAPING ---
2026-06-08 20:28:19,887 - [ INFO ] - Baixando: dashboardvbp202604.xlsx...
2026-06-08 20:28:23,231 - [ INFO ] - Baixando: 202604vbpbrasil.xlsx...
2026-06-08 20:28:25,846 - [ INFO ] - Baixando: 202603vbpbrasil.xlsx...
2026-06-08 20:28:27,440 - [ INFO ] - Baixando: 202602vbpbrasil.xlsx...
2026-06-08 20:28:29,033 - [ INFO ] - Baixando: 202601vbpbrasil.xlsx...
2026-06-08 20:28:30,619 - [ INFO ] - --- INICIANDO PROCESSAMENTO DE DADOS ---
2026-06-08 20:28:30,619 - [ WARNING ] - Nenhum arquivo encontrado com o padrão: *_volume_*.xls*
2026-06-08 20:28:30,620 - [ INFO ] - Lendo e empilhando planilha: tratado_vbp_202601vbpbrasil.xlsx (Versão: 2026 - 01)...
2026-06-08 20:28:30,782 - [ INFO ] - Lendo e empilhando planilha: tratado_vbp_202602vbpbrasil.xlsx (Versão: 2026 - 02)...
2026-06-08 20:28:30,850 - [ INFO ] - Lendo e empilhando planilha: tratado_vbp_202603vbpbrasil.xlsx (Versão: 2026 - 03)...
2026-06-08 20:28:30,922 - [ INFO ] - Lendo e empilhando planilha: tratado_vbp_202604vbpbrasil.xlsx (Versão: 2026 - 04)...
2026-06-08 20:28:30,984 - [ INFO ] - Lendo e empilhando planilha: tratado_vbp_dashboardvbp202604.xlsx (Versão: 2026 - 04)...
2026-06-08 20:28:32,594 - [ INFO ] - Consolidação salva: base_consolidada_06-2026.xlsx
2026-06-08 20:28:32,594 - [ INFO ] - --- GERANDO DASHBOARD VISUAL (HTML) ---
2026-06-08 20:28:32,640 - [ INFO ] - Montando painel com o histórico de versões até: 2026 - 04...
2026-06-08 20:28:32,707 - [ INFO ] - Sucesso! Relatório gerado em: /home/runner/work/AGCO-AgriIntel/AGCO-AgriIntel/index.html
2026-06-08 20:42:55,343 - [ INFO ] - --- INICIANDO WEB SCRAPING ---
2026-06-08 20:42:58,147 - [ INFO ] - Baixando: dashboardvbp202604.xlsx...
2026-06-08 20:43:00,866 - [ INFO ] - Baixando: 202604vbpbrasil.xlsx...
2026-06-08 20:43:03,166 - [ INFO ] - Baixando: 202603vbpbrasil.xlsx...
2026-06-08 20:43:04,393 - [ INFO ] - Baixando: 202602vbpbrasil.xlsx...
2026-06-08 20:43:05,766 - [ INFO ] - Baixando: 202601vbpbrasil.xlsx...
2026-06-08 20:43:06,996 - [ INFO ] - --- INICIANDO PROCESSAMENTO DE DADOS ---
2026-06-08 20:43:06,996 - [ WARNING ] - Nenhum arquivo encontrado com o padrão: *_volume_*.xls*
2026-06-08 20:43:06,997 - [ INFO ] - Lendo e empilhando planilha: tratado_vbp_202601vbpbrasil.xlsx (Versão: 2026 - 01)...
2026-06-08 20:43:07,159 - [ INFO ] - Lendo e empilhando planilha: tratado_vbp_202602vbpbrasil.xlsx (Versão: 2026 - 02)...
2026-06-08 20:43:07,220 - [ INFO ] - Lendo e empilhando planilha: tratado_vbp_202603vbpbrasil.xlsx (Versão: 2026 - 03)...
2026-06-08 20:43:07,282 - [ INFO ] - Lendo e empilhando planilha: tratado_vbp_202604vbpbrasil.xlsx (Versão: 2026 - 04)...
2026-06-08 20:43:07,343 - [ INFO ] - Lendo e empilhando planilha: tratado_vbp_dashboardvbp202604.xlsx (Versão: 2026 - 04)...
2026-06-08 20:43:08,956 - [ INFO ] - Consolidação salva: base_consolidada_06-2026.xlsx
2026-06-08 20:43:08,956 - [ INFO ] - --- GERANDO DASHBOARD VISUAL (HTML) ---
2026-06-08 20:43:09,001 - [ INFO ] - Montando painel com o histórico de versões até: 2026 - 04...
2026-06-08 20:43:09,067 - [ INFO ] - Sucesso! Relatório gerado em: /home/runner/work/AGCO-AgriIntel/AGCO-AgriIntel/index.html
2026-06-08 20:51:32,020 - [ INFO ] - --- INICIANDO WEB SCRAPING ---
2026-06-08 20:51:32,899 - [ INFO ] - Baixando: dashboardvbp202604.xlsx...
2026-06-08 20:51:35,690 - [ INFO ] - Baixando: 202604vbpbrasil.xlsx...
2026-06-08 20:51:37,617 - [ INFO ] - Baixando: 202603vbpbrasil.xlsx...
2026-06-08 20:51:38,840 - [ INFO ] - Baixando: 202602vbpbrasil.xlsx...
2026-06-08 20:51:40,072 - [ INFO ] - Baixando: 202601vbpbrasil.xlsx...
2026-06-08 20:51:41,325 - [ INFO ] - --- INICIANDO PROCESSAMENTO DE DADOS ---
2026-06-08 20:51:41,325 - [ WARNING ] - Nenhum arquivo encontrado com o padrão: *_volume_*.xls*
2026-06-08 20:51:41,326 - [ INFO ] - Lendo e empilhando planilha: tratado_vbp_202601vbpbrasil.xlsx (Versão: 2026 - 01)...
2026-06-08 20:51:41,526 - [ INFO ] - Lendo e empilhando planilha: tratado_vbp_202602vbpbrasil.xlsx (Versão: 2026 - 02)...
2026-06-08 20:51:41,589 - [ INFO ] - Lendo e empilhando planilha: tratado_vbp_202603vbpbrasil.xlsx (Versão: 2026 - 03)...
2026-06-08 20:51:41,651 - [ INFO ] - Lendo e empilhando planilha: tratado_vbp_202604vbpbrasil.xlsx (Versão: 2026 - 04)...
2026-06-08 20:51:41,713 - [ INFO ] - Lendo e empilhando planilha: tratado_vbp_dashboardvbp202604.xlsx (Versão: 2026 - 04)...
2026-06-08 20:51:43,322 - [ INFO ] - Consolidação salva: base_consolidada_06-2026.xlsx
2026-06-08 20:51:43,322 - [ INFO ] - --- GERANDO DASHBOARD VISUAL (HTML) ---
2026-06-08 20:51:43,367 - [ INFO ] - Montando painel com o histórico de versões até: 2026 - 04...
2026-06-08 20:51:43,433 - [ INFO ] - Sucesso! Relatório gerado em: /home/runner/work/AGCO-AgriIntel/AGCO-AgriIntel/index.html
2026-06-08 21:02:35,127 - [ INFO ] - --- INICIANDO WEB SCRAPING ---
2026-06-08 21:02:36,053 - [ INFO ] - Baixando: dashboardvbp202604.xlsx...
2026-06-08 21:02:38,584 - [ INFO ] - Baixando: 202604vbpbrasil.xlsx...
2026-06-08 21:02:40,852 - [ INFO ] - Baixando: 202603vbpbrasil.xlsx...
2026-06-08 21:02:42,186 - [ INFO ] - Baixando: 202602vbpbrasil.xlsx...
2026-06-08 21:02:43,447 - [ INFO ] - Baixando: 202601vbpbrasil.xlsx...
2026-06-08 21:02:44,667 - [ INFO ] - --- INICIANDO PROCESSAMENTO DE DADOS ---
2026-06-08 21:02:44,667 - [ WARNING ] - Nenhum arquivo encontrado com o padrão: *_volume_*.xls*
2026-06-08 21:02:44,668 - [ INFO ] - Lendo e empilhando planilha: tratado_vbp_202601vbpbrasil.xlsx (Versão: 2026 - 01)...
2026-06-08 21:02:44,877 - [ INFO ] - Lendo e empilhando planilha: tratado_vbp_202602vbpbrasil.xlsx (Versão: 2026 - 02)...
2026-06-08 21:02:44,946 - [ INFO ] - Lendo e empilhando planilha: tratado_vbp_202603vbpbrasil.xlsx (Versão: 2026 - 03)...
2026-06-08 21:02:45,013 - [ INFO ] - Lendo e empilhando planilha: tratado_vbp_202604vbpbrasil.xlsx (Versão: 2026 - 04)...
2026-06-08 21:02:45,078 - [ INFO ] - Lendo e empilhando planilha: tratado_vbp_dashboardvbp202604.xlsx (Versão: 2026 - 04)...
2026-06-08 21:02:47,251 - [ INFO ] - Consolidação salva: base_consolidada_06-2026.xlsx
2026-06-08 21:02:47,251 - [ INFO ] - --- GERANDO DASHBOARD VISUAL (HTML) ---
2026-06-08 21:02:47,300 - [ INFO ] - Montando painel com o histórico de versões até: 2026 - 04...
2026-06-08 21:02:47,371 - [ INFO ] - Sucesso! Relatório gerado em: /home/runner/work/AGCO-AgriIntel/AGCO-AgriIntel/index.html
2026-06-08 21:11:00,551 - [ INFO ] - --- INICIANDO WEB SCRAPING ---
2026-06-08 21:11:01,532 - [ INFO ] - Baixando: dashboardvbp202604.xlsx...
2026-06-08 21:11:04,733 - [ INFO ] - Baixando: 202604vbpbrasil.xlsx...
2026-06-08 21:11:06,854 - [ INFO ] - Baixando: 202603vbpbrasil.xlsx...
2026-06-08 21:11:08,181 - [ INFO ] - Baixando: 202602vbpbrasil.xlsx...
2026-06-08 21:11:09,551 - [ INFO ] - Baixando: 202601vbpbrasil.xlsx...
2026-06-08 21:11:10,913 - [ INFO ] - --- INICIANDO PROCESSAMENTO DE DADOS ---
2026-06-08 21:11:10,913 - [ WARNING ] - Nenhum arquivo encontrado com o padrão: *_volume_*.xls*
2026-06-08 21:11:10,913 - [ INFO ] - Lendo e empilhando planilha: tratado_vbp_202601vbpbrasil.xlsx (Versão: 2026 - 01)...
2026-06-08 21:11:11,179 - [ INFO ] - Lendo e empilhando planilha: tratado_vbp_202602vbpbrasil.xlsx (Versão: 2026 - 02)...
2026-06-08 21:11:11,240 - [ INFO ] - Lendo e empilhando planilha: tratado_vbp_202603vbpbrasil.xlsx (Versão: 2026 - 03)...
2026-06-08 21:11:11,301 - [ INFO ] - Lendo e empilhando planilha: tratado_vbp_202604vbpbrasil.xlsx (Versão: 2026 - 04)...
2026-06-08 21:11:11,362 - [ INFO ] - Lendo e empilhando planilha: tratado_vbp_dashboardvbp202604.xlsx (Versão: 2026 - 04)...
2026-06-08 21:11:12,951 - [ INFO ] - Consolidação salva: base_consolidada_06-2026.xlsx
2026-06-08 21:11:12,951 - [ INFO ] - --- GERANDO DASHBOARD VISUAL (HTML) ---
2026-06-08 21:11:12,996 - [ INFO ] - Montando painel com o histórico de versões até: 2026 - 04...
2026-06-08 21:11:13,061 - [ INFO ] - Sucesso! Relatório gerado em: /home/runner/work/AGCO-AgriIntel/AGCO-AgriIntel/index.html
2026-06-09 12:48:22,157 - [ INFO ] - --- INICIANDO WEB SCRAPING ---
2026-06-09 12:48:24,829 - [ INFO ] - Baixando: dashboardvbp202604.xlsx...
2026-06-09 12:48:28,026 - [ INFO ] - Baixando: 202604vbpbrasil.xlsx...
2026-06-09 12:48:37,856 - [ INFO ] - Baixando: 202603vbpbrasil.xlsx...
2026-06-09 12:48:39,374 - [ INFO ] - Baixando: 202602vbpbrasil.xlsx...
2026-06-09 12:48:40,721 - [ INFO ] - Baixando: 202601vbpbrasil.xlsx...
2026-06-09 12:48:45,530 - [ INFO ] - --- INICIANDO PROCESSAMENTO DE DADOS ---
2026-06-09 12:48:45,530 - [ WARNING ] - Nenhum arquivo encontrado com o padrão: *_volume_*.xls*
2026-06-09 12:48:45,531 - [ INFO ] - Lendo e empilhando planilha: tratado_vbp_202601vbpbrasil.xlsx (Versão: 2026 - 01)...
2026-06-09 12:48:45,712 - [ INFO ] - Lendo e empilhando planilha: tratado_vbp_202602vbpbrasil.xlsx (Versão: 2026 - 02)...
2026-06-09 12:48:45,761 - [ INFO ] - Lendo e empilhando planilha: tratado_vbp_202603vbpbrasil.xlsx (Versão: 2026 - 03)...
2026-06-09 12:48:45,810 - [ INFO ] - Lendo e empilhando planilha: tratado_vbp_202604vbpbrasil.xlsx (Versão: 2026 - 04)...
2026-06-09 12:48:45,859 - [ INFO ] - Lendo e empilhando planilha: tratado_vbp_dashboardvbp202604.xlsx (Versão: 2026 - 04)...
2026-06-09 12:48:47,119 - [ INFO ] - Consolidação salva: base_consolidada_06-2026.xlsx
2026-06-09 12:48:47,119 - [ INFO ] - --- GERANDO DASHBOARD VISUAL (HTML) ---
2026-06-09 12:48:47,154 - [ INFO ] - Montando painel com o histórico de versões até: 2026 - 04...
2026-06-09 12:48:47,205 - [ INFO ] - Sucesso! Relatório gerado em: /home/runner/work/AGCO-AgriIntel/AGCO-AgriIntel/index.html
2026-06-09 12:48:47,205 - [ INFO ] - --- GERANDO PÁGINA DE PREÇOS (CEPEA) ---
2026-06-09 12:48:47,205 - [ INFO ] - --- COLETANDO COTAÇÕES REAIS (CEPEA E BOLSAS) ---
2026-06-09 12:48:48,828 - [ INFO ] - Sucesso! Relatório de preços gerado em: {os.path.abspath(caminho_html)}
2026-06-09 13:44:49,835 - [ INFO ] - --- INICIANDO WEB SCRAPING ---
2026-06-09 13:44:50,748 - [ INFO ] - Baixando: dashboardvbp202604.xlsx...
2026-06-09 13:44:54,945 - [ INFO ] - Baixando: 202604vbpbrasil.xlsx...
2026-06-09 13:44:57,266 - [ INFO ] - Baixando: 202603vbpbrasil.xlsx...
2026-06-09 13:44:59,101 - [ INFO ] - Baixando: 202602vbpbrasil.xlsx...
2026-06-09 13:45:00,684 - [ INFO ] - Baixando: 202601vbpbrasil.xlsx...
2026-06-09 13:45:02,274 - [ INFO ] - --- INICIANDO PROCESSAMENTO DE DADOS ---
2026-06-09 13:45:02,274 - [ WARNING ] - Nenhum arquivo encontrado com o padrão: *_volume_*.xls*
2026-06-09 13:45:02,275 - [ INFO ] - Lendo e empilhando planilha: tratado_vbp_202601vbpbrasil.xlsx (Versão: 2026 - 01)...
2026-06-09 13:45:02,473 - [ INFO ] - Lendo e empilhando planilha: tratado_vbp_202602vbpbrasil.xlsx (Versão: 2026 - 02)...
2026-06-09 13:45:02,516 - [ INFO ] - Lendo e empilhando planilha: tratado_vbp_202603vbpbrasil.xlsx (Versão: 2026 - 03)...
2026-06-09 13:45:02,557 - [ INFO ] - Lendo e empilhando planilha: tratado_vbp_202604vbpbrasil.xlsx (Versão: 2026 - 04)...
2026-06-09 13:45:02,602 - [ INFO ] - Lendo e empilhando planilha: tratado_vbp_dashboardvbp202604.xlsx (Versão: 2026 - 04)...
2026-06-09 13:45:03,818 - [ INFO ] - Consolidação salva: base_consolidada_06-2026.xlsx
2026-06-09 13:45:03,818 - [ INFO ] - --- GERANDO DASHBOARD VISUAL (HTML) ---
2026-06-09 13:45:03,850 - [ INFO ] - Montando painel com o histórico de versões até: 2026 - 04...
2026-06-09 13:45:03,900 - [ INFO ] - Sucesso! Relatório gerado em: /home/runner/work/AGCO-AgriIntel/AGCO-AgriIntel/index.html
2026-06-09 13:45:03,900 - [ INFO ] - --- GERANDO PÁGINA DE PREÇOS (CEPEA) ---
2026-06-09 13:45:03,900 - [ INFO ] - --- COLETANDO COTAÇÕES REAIS (CEPEA E BOLSAS) ---
2026-06-09 13:45:06,437 - [ INFO ] - --- COLETANDO HISTÓRICO DE TENDÊNCIAS (DESDE 2023) ---
2026-06-09 13:45:07,607 - [ INFO ] - Sucesso! Relatório de preços gerado em: {os.path.abspath(caminho_html)}
2026-06-09 14:25:23,456 - [ INFO ] - --- INICIANDO WEB SCRAPING ---
2026-06-09 14:25:43,745 - [ ERROR ] - Falha de conexão com o site: HTTPSConnectionPool(host='www.gov.br', port=443): Max retries exceeded with url: /agricultura/pt-br/assuntos/politica-agricola/valor-bruto-da-producao-agropecuaria-vbp (Caused by NewConnectionError("HTTPSConnection(host='www.gov.br', port=443): Failed to establish a new connection: [Errno 101] Network is unreachable"))
2026-06-09 14:25:43,745 - [ INFO ] - --- GERANDO PÁGINA DE PREÇOS (CEPEA) ---
2026-06-09 14:25:43,745 - [ INFO ] - --- COLETANDO COTAÇÕES REAIS (CEPEA E BOLSAS) ---
2026-06-09 14:25:45,625 - [ INFO ] - --- COLETANDO HISTÓRICO DE TENDÊNCIAS (DESDE 2023) ---
2026-06-09 14:25:46,163 - [ INFO ] - Sucesso! Relatório de preços gerado em: /home/runner/work/AGCO-AgriIntel/AGCO-AgriIntel/precos.html
2026-06-09 16:34:13,597 - [ INFO ] - --- INICIANDO WEB SCRAPING ---
2026-06-09 16:34:16,851 - [ INFO ] - Baixando: dashboardvbp202604.xlsx...
2026-06-09 16:34:25,148 - [ INFO ] - Baixando: 202604vbpbrasil.xlsx...
2026-06-09 16:34:27,489 - [ INFO ] - Baixando: 202603vbpbrasil.xlsx...
2026-06-09 16:34:29,112 - [ INFO ] - Baixando: 202602vbpbrasil.xlsx...
2026-06-09 16:34:30,850 - [ INFO ] - Baixando: 202601vbpbrasil.xlsx...
2026-06-09 16:34:32,464 - [ INFO ] - --- INICIANDO PROCESSAMENTO DE DADOS ---
2026-06-09 16:34:32,465 - [ WARNING ] - Nenhum arquivo encontrado com o padrão: *_volume_*.xls*
2026-06-09 16:34:32,465 - [ INFO ] - Lendo e empilhando planilha: tratado_vbp_202601vbpbrasil.xlsx (Versão: 2026 - 01)...
2026-06-09 16:34:32,672 - [ INFO ] - Lendo e empilhando planilha: tratado_vbp_202602vbpbrasil.xlsx (Versão: 2026 - 02)...
2026-06-09 16:34:32,737 - [ INFO ] - Lendo e empilhando planilha: tratado_vbp_202603vbpbrasil.xlsx (Versão: 2026 - 03)...
2026-06-09 16:34:32,803 - [ INFO ] - Lendo e empilhando planilha: tratado_vbp_202604vbpbrasil.xlsx (Versão: 2026 - 04)...
2026-06-09 16:34:32,869 - [ INFO ] - Lendo e empilhando planilha: tratado_vbp_dashboardvbp202604.xlsx (Versão: 2026 - 04)...
2026-06-09 16:34:35,011 - [ INFO ] - Consolidação salva: base_consolidada_06-2026.xlsx
2026-06-09 16:34:35,012 - [ INFO ] - --- GERANDO DASHBOARD VISUAL (HTML) ---
2026-06-09 16:34:35,060 - [ INFO ] - Montando painel com o histórico de versões até: 2026 - 04...
2026-06-09 16:34:35,129 - [ INFO ] - Sucesso! Relatório gerado em: /home/runner/work/AGCO-AgriIntel/AGCO-AgriIntel/index.html
2026-06-09 16:34:35,129 - [ INFO ] - --- GERANDO PÁGINA DE PREÇOS (CEPEA) ---
2026-06-09 16:34:35,129 - [ INFO ] - --- COLETANDO COTAÇÕES REAIS (CEPEA E BOLSAS) ---
2026-06-09 16:34:37,922 - [ INFO ] - --- COLETANDO HISTÓRICO DE TENDÊNCIAS (DESDE 2023) ---
2026-06-09 16:34:39,184 - [ INFO ] - Sucesso! Relatório de preços gerado em: /home/runner/work/AGCO-AgriIntel/AGCO-AgriIntel/precos.html
2026-06-09 17:28:56,150 - [ INFO ] - --- INICIANDO WEB SCRAPING ---
2026-06-09 17:29:16,543 - [ ERROR ] - Falha de conexão com o site: HTTPSConnectionPool(host='www.gov.br', port=443): Max retries exceeded with url: /agricultura/pt-br/assuntos/politica-agricola/valor-bruto-da-producao-agropecuaria-vbp (Caused by NewConnectionError("HTTPSConnection(host='www.gov.br', port=443): Failed to establish a new connection: [Errno 101] Network is unreachable"))
2026-06-09 17:29:16,543 - [ INFO ] - --- GERANDO PÁGINA DE PREÇOS (CEPEA) ---
2026-06-09 17:29:16,544 - [ INFO ] - --- COLETANDO COTAÇÕES REAIS (CEPEA E BOLSAS) ---
2026-06-09 17:29:18,107 - [ INFO ] - --- COLETANDO HISTÓRICO DE TENDÊNCIAS (DESDE 2023) ---
2026-06-09 17:29:18,669 - [ INFO ] - Sucesso! Relatório de preços gerado em: /home/runner/work/AGCO-AgriIntel/AGCO-AgriIntel/precos.html
2026-06-09 17:56:45,319 - [ INFO ] - --- INICIANDO WEB SCRAPING ---
2026-06-09 17:56:48,545 - [ INFO ] - Baixando: dashboardvbp202604.xlsx...
2026-06-09 17:56:51,375 - [ INFO ] - Baixando: 202604vbpbrasil.xlsx...
2026-06-09 17:56:53,553 - [ INFO ] - Baixando: 202603vbpbrasil.xlsx...
2026-06-09 17:56:54,809 - [ INFO ] - Baixando: 202602vbpbrasil.xlsx...
2026-06-09 17:56:56,055 - [ INFO ] - Baixando: 202601vbpbrasil.xlsx...
2026-06-09 17:56:57,296 - [ INFO ] - --- INICIANDO PROCESSAMENTO DE DADOS ---
2026-06-09 17:56:57,297 - [ WARNING ] - Nenhum arquivo encontrado com o padrão: *_volume_*.xls*
2026-06-09 17:56:57,297 - [ INFO ] - Lendo e empilhando planilha: tratado_vbp_202601vbpbrasil.xlsx (Versão: 2026 - 01)...
2026-06-09 17:56:57,491 - [ INFO ] - Lendo e empilhando planilha: tratado_vbp_202602vbpbrasil.xlsx (Versão: 2026 - 02)...
2026-06-09 17:56:57,554 - [ INFO ] - Lendo e empilhando planilha: tratado_vbp_202603vbpbrasil.xlsx (Versão: 2026 - 03)...
2026-06-09 17:56:57,616 - [ INFO ] - Lendo e empilhando planilha: tratado_vbp_202604vbpbrasil.xlsx (Versão: 2026 - 04)...
2026-06-09 17:56:57,679 - [ INFO ] - Lendo e empilhando planilha: tratado_vbp_dashboardvbp202604.xlsx (Versão: 2026 - 04)...
2026-06-09 17:56:59,345 - [ INFO ] - Consolidação salva: base_consolidada_06-2026.xlsx
2026-06-09 17:56:59,346 - [ INFO ] - --- GERANDO DASHBOARD VISUAL (HTML) ---
2026-06-09 17:56:59,392 - [ INFO ] - Montando painel com o histórico de versões até: 2026 - 04...
2026-06-09 17:56:59,456 - [ INFO ] - Sucesso! Relatório gerado em: /home/runner/work/AGCO-AgriIntel/AGCO-AgriIntel/index.html
2026-06-09 17:56:59,457 - [ INFO ] - --- GERANDO PÁGINA DE PREÇOS (CEPEA) ---
2026-06-09 17:56:59,457 - [ INFO ] - --- COLETANDO COTAÇÕES REAIS (CEPEA E BOLSAS) ---
2026-06-09 17:57:01,603 - [ INFO ] - --- COLETANDO HISTÓRICO DE TENDÊNCIAS (DESDE 2023) ---
2026-06-09 17:57:02,097 - [ INFO ] - Sucesso! Relatório de preços gerado em: /home/runner/work/AGCO-AgriIntel/AGCO-AgriIntel/precos.html
2026-06-09 18:16:16,965 - [ INFO ] - --- INICIANDO WEB SCRAPING ---
2026-06-09 18:16:17,623 - [ INFO ] - Baixando: dashboardvbp202604.xlsx...
2026-06-09 18:16:20,721 - [ INFO ] - Baixando: 202604vbpbrasil.xlsx...
2026-06-09 18:16:22,609 - [ INFO ] - Baixando: 202603vbpbrasil.xlsx...
2026-06-09 18:16:24,001 - [ INFO ] - Baixando: 202602vbpbrasil.xlsx...
2026-06-09 18:16:25,374 - [ INFO ] - Baixando: 202601vbpbrasil.xlsx...
2026-06-09 18:16:26,614 - [ INFO ] - --- INICIANDO PROCESSAMENTO DE DADOS ---
2026-06-09 18:16:26,615 - [ WARNING ] - Nenhum arquivo encontrado com o padrão: *_volume_*.xls*
2026-06-09 18:16:26,616 - [ INFO ] - Lendo e empilhando planilha: tratado_vbp_202601vbpbrasil.xlsx (Versão: 2026 - 01)...
2026-06-09 18:16:26,778 - [ INFO ] - Lendo e empilhando planilha: tratado_vbp_202602vbpbrasil.xlsx (Versão: 2026 - 02)...
2026-06-09 18:16:26,839 - [ INFO ] - Lendo e empilhando planilha: tratado_vbp_202603vbpbrasil.xlsx (Versão: 2026 - 03)...
2026-06-09 18:16:26,900 - [ INFO ] - Lendo e empilhando planilha: tratado_vbp_202604vbpbrasil.xlsx (Versão: 2026 - 04)...
2026-06-09 18:16:26,988 - [ INFO ] - Lendo e empilhando planilha: tratado_vbp_dashboardvbp202604.xlsx (Versão: 2026 - 04)...
2026-06-09 18:16:28,579 - [ INFO ] - Consolidação salva: base_consolidada_06-2026.xlsx
2026-06-09 18:16:28,579 - [ INFO ] - --- GERANDO DASHBOARD VISUAL (HTML) ---
2026-06-09 18:16:28,651 - [ INFO ] - Montando painel com o histórico de versões até: 2026 - 04...
2026-06-09 18:16:28,713 - [ INFO ] - Sucesso! Relatório gerado em: /home/runner/work/AGCO-AgriIntel/AGCO-AgriIntel/index.html
2026-06-09 18:16:28,714 - [ INFO ] - --- GERANDO PÁGINA DE PREÇOS (CEPEA) ---
2026-06-09 18:16:28,714 - [ INFO ] - --- COLETANDO COTAÇÕES REAIS (CEPEA E BOLSAS) ---
2026-06-09 18:16:30,499 - [ INFO ] - --- COLETANDO HISTÓRICO DE TENDÊNCIAS (DESDE 2023) ---
2026-06-09 18:16:31,337 - [ INFO ] - Sucesso! Relatório de preços gerado em: /home/runner/work/AGCO-AgriIntel/AGCO-AgriIntel/precos.html
2026-06-09 18:23:32,405 - [ INFO ] - --- INICIANDO WEB SCRAPING ---
2026-06-09 18:23:35,067 - [ INFO ] - Baixando: dashboardvbp202604.xlsx...
2026-06-09 18:23:37,843 - [ INFO ] - Baixando: 202604vbpbrasil.xlsx...
2026-06-09 18:23:40,146 - [ INFO ] - Baixando: 202603vbpbrasil.xlsx...
2026-06-09 18:23:41,491 - [ INFO ] - Baixando: 202602vbpbrasil.xlsx...
2026-06-09 18:23:42,854 - [ INFO ] - Baixando: 202601vbpbrasil.xlsx...
2026-06-09 18:23:44,217 - [ INFO ] - --- INICIANDO PROCESSAMENTO DE DADOS ---
2026-06-09 18:23:44,217 - [ WARNING ] - Nenhum arquivo encontrado com o padrão: *_volume_*.xls*
2026-06-09 18:23:44,218 - [ INFO ] - Lendo e empilhando planilha: tratado_vbp_202601vbpbrasil.xlsx (Versão: 2026 - 01)...
2026-06-09 18:23:44,380 - [ INFO ] - Lendo e empilhando planilha: tratado_vbp_202602vbpbrasil.xlsx (Versão: 2026 - 02)...
2026-06-09 18:23:44,442 - [ INFO ] - Lendo e empilhando planilha: tratado_vbp_202603vbpbrasil.xlsx (Versão: 2026 - 03)...
2026-06-09 18:23:44,503 - [ INFO ] - Lendo e empilhando planilha: tratado_vbp_202604vbpbrasil.xlsx (Versão: 2026 - 04)...
2026-06-09 18:23:44,590 - [ INFO ] - Lendo e empilhando planilha: tratado_vbp_dashboardvbp202604.xlsx (Versão: 2026 - 04)...
2026-06-09 18:23:46,200 - [ INFO ] - Consolidação salva: base_consolidada_06-2026.xlsx
2026-06-09 18:23:46,200 - [ INFO ] - --- GERANDO DASHBOARD VISUAL (HTML) ---
2026-06-09 18:23:46,272 - [ INFO ] - Montando painel com o histórico de versões até: 2026 - 04...
2026-06-09 18:23:46,334 - [ INFO ] - Sucesso! Relatório gerado em: /home/runner/work/AGCO-AgriIntel/AGCO-AgriIntel/index.html
2026-06-09 18:23:46,335 - [ INFO ] - --- GERANDO PÁGINA DE PREÇOS (CEPEA) ---
2026-06-09 18:23:46,335 - [ INFO ] - --- COLETANDO COTAÇÕES REAIS (CEPEA E BOLSAS) ---
2026-06-09 18:23:48,064 - [ INFO ] - --- COLETANDO HISTÓRICO DE TENDÊNCIAS (DESDE 2023) ---
2026-06-09 18:23:48,782 - [ INFO ] - Sucesso! Relatório de preços gerado em: /home/runner/work/AGCO-AgriIntel/AGCO-AgriIntel/precos.html
2026-06-09 18:28:55,409 - [ INFO ] - --- INICIANDO WEB SCRAPING ---
2026-06-09 18:28:56,694 - [ INFO ] - Baixando: dashboardvbp202604.xlsx...
2026-06-09 18:29:00,241 - [ INFO ] - Baixando: 202604vbpbrasil.xlsx...
2026-06-09 18:29:03,044 - [ INFO ] - Baixando: 202603vbpbrasil.xlsx...
2026-06-09 18:29:04,641 - [ INFO ] - Baixando: 202602vbpbrasil.xlsx...
2026-06-09 18:29:06,227 - [ INFO ] - Baixando: 202601vbpbrasil.xlsx...
2026-06-09 18:29:07,829 - [ INFO ] - --- INICIANDO PROCESSAMENTO DE DADOS ---
2026-06-09 18:29:07,830 - [ WARNING ] - Nenhum arquivo encontrado com o padrão: *_volume_*.xls*
2026-06-09 18:29:07,830 - [ INFO ] - Lendo e empilhando planilha: tratado_vbp_202601vbpbrasil.xlsx (Versão: 2026 - 01)...
2026-06-09 18:29:07,993 - [ INFO ] - Lendo e empilhando planilha: tratado_vbp_202602vbpbrasil.xlsx (Versão: 2026 - 02)...
2026-06-09 18:29:08,055 - [ INFO ] - Lendo e empilhando planilha: tratado_vbp_202603vbpbrasil.xlsx (Versão: 2026 - 03)...
2026-06-09 18:29:08,117 - [ INFO ] - Lendo e empilhando planilha: tratado_vbp_202604vbpbrasil.xlsx (Versão: 2026 - 04)...
2026-06-09 18:29:08,209 - [ INFO ] - Lendo e empilhando planilha: tratado_vbp_dashboardvbp202604.xlsx (Versão: 2026 - 04)...
2026-06-09 18:29:09,793 - [ INFO ] - Consolidação salva: base_consolidada_06-2026.xlsx
2026-06-09 18:29:09,794 - [ INFO ] - --- GERANDO DASHBOARD VISUAL (HTML) ---
2026-06-09 18:29:09,866 - [ INFO ] - Montando painel com o histórico de versões até: 2026 - 04...
2026-06-09 18:29:09,927 - [ INFO ] - Sucesso! Relatório gerado em: /home/runner/work/AGCO-AgriIntel/AGCO-AgriIntel/index.html
2026-06-09 18:29:09,928 - [ INFO ] - --- GERANDO PÁGINA DE PREÇOS (CEPEA) ---
2026-06-09 18:29:09,928 - [ INFO ] - --- COLETANDO COTAÇÕES REAIS (CEPEA E BOLSAS) ---
2026-06-09 18:29:13,282 - [ INFO ] - --- COLETANDO HISTÓRICO DE TENDÊNCIAS (DESDE 2023) ---
2026-06-09 18:29:15,155 - [ INFO ] - Sucesso! Relatório de preços gerado em: /home/runner/work/AGCO-AgriIntel/AGCO-AgriIntel/precos.html
2026-06-09 18:43:04,049 - [ INFO ] - --- INICIANDO WEB SCRAPING ---
2026-06-09 18:43:05,307 - [ INFO ] - Baixando: dashboardvbp202604.xlsx...
2026-06-09 18:43:08,821 - [ INFO ] - Baixando: 202604vbpbrasil.xlsx...
2026-06-09 18:43:11,655 - [ INFO ] - Baixando: 202603vbpbrasil.xlsx...
2026-06-09 18:43:13,250 - [ INFO ] - Baixando: 202602vbpbrasil.xlsx...
2026-06-09 18:43:14,840 - [ INFO ] - Baixando: 202601vbpbrasil.xlsx...
2026-06-09 18:43:16,433 - [ INFO ] - --- INICIANDO PROCESSAMENTO DE DADOS ---
2026-06-09 18:43:16,433 - [ WARNING ] - Nenhum arquivo encontrado com o padrão: *_volume_*.xls*
2026-06-09 18:43:16,434 - [ INFO ] - Lendo e empilhando planilha: tratado_vbp_202601vbpbrasil.xlsx (Versão: 2026 - 01)...
2026-06-09 18:43:16,614 - [ INFO ] - Lendo e empilhando planilha: tratado_vbp_202602vbpbrasil.xlsx (Versão: 2026 - 02)...
2026-06-09 18:43:16,673 - [ INFO ] - Lendo e empilhando planilha: tratado_vbp_202603vbpbrasil.xlsx (Versão: 2026 - 03)...
2026-06-09 18:43:16,732 - [ INFO ] - Lendo e empilhando planilha: tratado_vbp_202604vbpbrasil.xlsx (Versão: 2026 - 04)...
2026-06-09 18:43:16,817 - [ INFO ] - Lendo e empilhando planilha: tratado_vbp_dashboardvbp202604.xlsx (Versão: 2026 - 04)...
2026-06-09 18:43:18,486 - [ INFO ] - Consolidação salva: base_consolidada_06-2026.xlsx
2026-06-09 18:43:18,487 - [ INFO ] - --- GERANDO DASHBOARD VISUAL (HTML) ---
2026-06-09 18:43:18,555 - [ INFO ] - Montando painel com o histórico de versões até: 2026 - 04...
2026-06-09 18:43:18,616 - [ INFO ] - Sucesso! Relatório gerado em: /home/runner/work/AGCO-AgriIntel/AGCO-AgriIntel/index.html
2026-06-09 18:43:18,616 - [ INFO ] - --- GERANDO PÁGINA DE PREÇOS (CEPEA) ---
2026-06-09 18:43:18,616 - [ INFO ] - --- COLETANDO COTAÇÕES REAIS (CEPEA E BOLSAS) ---
2026-06-09 18:43:21,398 - [ INFO ] - --- COLETANDO HISTÓRICO DE TENDÊNCIAS (DESDE 2023) ---
2026-06-09 18:43:23,657 - [ INFO ] - Sucesso! Relatório de preços gerado em: /home/runner/work/AGCO-AgriIntel/AGCO-AgriIntel/precos.html
2026-06-09 18:52:22,174 - [ INFO ] - --- INICIANDO WEB SCRAPING ---
2026-06-09 18:52:24,733 - [ INFO ] - Baixando: dashboardvbp202604.xlsx...
2026-06-09 18:52:27,837 - [ INFO ] - Baixando: 202604vbpbrasil.xlsx...
2026-06-09 18:52:30,129 - [ INFO ] - Baixando: 202603vbpbrasil.xlsx...
2026-06-09 18:52:31,501 - [ INFO ] - Baixando: 202602vbpbrasil.xlsx...
2026-06-09 18:52:33,007 - [ INFO ] - Baixando: 202601vbpbrasil.xlsx...
2026-06-09 18:52:34,364 - [ INFO ] - --- INICIANDO PROCESSAMENTO DE DADOS ---
2026-06-09 18:52:34,364 - [ WARNING ] - Nenhum arquivo encontrado com o padrão: *_volume_*.xls*
2026-06-09 18:52:34,364 - [ INFO ] - Lendo e empilhando planilha: tratado_vbp_202601vbpbrasil.xlsx (Versão: 2026 - 01)...
2026-06-09 18:52:34,561 - [ INFO ] - Lendo e empilhando planilha: tratado_vbp_202602vbpbrasil.xlsx (Versão: 2026 - 02)...
2026-06-09 18:52:34,622 - [ INFO ] - Lendo e empilhando planilha: tratado_vbp_202603vbpbrasil.xlsx (Versão: 2026 - 03)...
2026-06-09 18:52:34,683 - [ INFO ] - Lendo e empilhando planilha: tratado_vbp_202604vbpbrasil.xlsx (Versão: 2026 - 04)...
2026-06-09 18:52:34,771 - [ INFO ] - Lendo e empilhando planilha: tratado_vbp_dashboardvbp202604.xlsx (Versão: 2026 - 04)...
2026-06-09 18:52:36,366 - [ INFO ] - Consolidação salva: base_consolidada_06-2026.xlsx
2026-06-09 18:52:36,366 - [ INFO ] - --- GERANDO DASHBOARD VISUAL (HTML) ---
2026-06-09 18:52:36,437 - [ INFO ] - Montando painel com o histórico de versões até: 2026 - 04...
2026-06-09 18:52:36,498 - [ INFO ] - Sucesso! Relatório gerado em: /home/runner/work/AGCO-AgriIntel/AGCO-AgriIntel/index.html
2026-06-09 18:52:36,499 - [ INFO ] - --- GERANDO PÁGINA DE PREÇOS (CEPEA) ---
2026-06-09 18:52:36,499 - [ INFO ] - --- COLETANDO COTAÇÕES REAIS (CEPEA) ---
2026-06-09 18:52:38,607 - [ INFO ] - --- COLETANDO HISTÓRICO DE TENDÊNCIAS (DESDE 2023) ---
2026-06-09 18:52:39,409 - [ INFO ] - Sucesso! Relatório de preços gerado em: /home/runner/work/AGCO-AgriIntel/AGCO-AgriIntel/precos.html
2026-06-09 19:21:09,260 - [ INFO ] - --- INICIANDO WEB SCRAPING ---
2026-06-09 19:21:15,365 - [ INFO ] - Baixando: dashboardvbp202604.xlsx...
2026-06-09 19:21:18,939 - [ INFO ] - Baixando: 202604vbpbrasil.xlsx...
2026-06-09 19:21:21,390 - [ INFO ] - Baixando: 202603vbpbrasil.xlsx...
2026-06-09 19:21:23,063 - [ INFO ] - Baixando: 202602vbpbrasil.xlsx...
2026-06-09 19:21:24,752 - [ INFO ] - Baixando: 202601vbpbrasil.xlsx...
2026-06-09 19:21:26,444 - [ INFO ] - --- INICIANDO PROCESSAMENTO DE DADOS ---
2026-06-09 19:21:26,444 - [ WARNING ] - Nenhum arquivo encontrado com o padrão: *_volume_*.xls*
2026-06-09 19:21:26,445 - [ INFO ] - Lendo e empilhando planilha: tratado_vbp_202601vbpbrasil.xlsx (Versão: 2026 - 01)...
2026-06-09 19:21:26,613 - [ INFO ] - Lendo e empilhando planilha: tratado_vbp_202602vbpbrasil.xlsx (Versão: 2026 - 02)...
2026-06-09 19:21:26,676 - [ INFO ] - Lendo e empilhando planilha: tratado_vbp_202603vbpbrasil.xlsx (Versão: 2026 - 03)...
2026-06-09 19:21:26,738 - [ INFO ] - Lendo e empilhando planilha: tratado_vbp_202604vbpbrasil.xlsx (Versão: 2026 - 04)...
2026-06-09 19:21:26,831 - [ INFO ] - Lendo e empilhando planilha: tratado_vbp_dashboardvbp202604.xlsx (Versão: 2026 - 04)...
2026-06-09 19:21:28,429 - [ INFO ] - Consolidação salva: base_consolidada_06-2026.xlsx
2026-06-09 19:21:28,429 - [ INFO ] - --- GERANDO DASHBOARD VISUAL (HTML) ---
2026-06-09 19:21:28,508 - [ INFO ] - Montando painel com o histórico de versões até: 2026 - 04...
2026-06-09 19:21:28,570 - [ INFO ] - Sucesso! Relatório gerado em: /home/runner/work/AGCO-AgriIntel/AGCO-AgriIntel/index.html
2026-06-09 19:21:28,571 - [ INFO ] - --- GERANDO PÁGINA DE PREÇOS (CEPEA) ---
2026-06-09 19:21:28,571 - [ INFO ] - --- COLETANDO COTAÇÕES REAIS (CEPEA) ---
2026-06-09 19:21:30,568 - [ INFO ] - --- COLETANDO HISTÓRICO DE TENDÊNCIAS (DESDE 2023) ---
2026-06-09 19:21:32,076 - [ INFO ] - Sucesso! Relatório de preços gerado em: /home/runner/work/AGCO-AgriIntel/AGCO-AgriIntel/precos.html
2026-06-09 19:34:31,616 - [ INFO ] - --- INICIANDO WEB SCRAPING ---
2026-06-09 19:34:34,131 - [ INFO ] - Baixando: dashboardvbp202604.xlsx...
2026-06-09 19:34:36,879 - [ INFO ] - Baixando: 202604vbpbrasil.xlsx...
2026-06-09 19:34:38,935 - [ INFO ] - Baixando: 202603vbpbrasil.xlsx...
2026-06-09 19:34:40,193 - [ INFO ] - Baixando: 202602vbpbrasil.xlsx...
2026-06-09 19:34:41,452 - [ INFO ] - Baixando: 202601vbpbrasil.xlsx...
2026-06-09 19:34:42,702 - [ INFO ] - --- INICIANDO PROCESSAMENTO DE DADOS ---
2026-06-09 19:34:42,702 - [ WARNING ] - Nenhum arquivo encontrado com o padrão: *_volume_*.xls*
2026-06-09 19:34:42,703 - [ INFO ] - Lendo e empilhando planilha: tratado_vbp_202601vbpbrasil.xlsx (Versão: 2026 - 01)...
2026-06-09 19:34:42,922 - [ INFO ] - Lendo e empilhando planilha: tratado_vbp_202602vbpbrasil.xlsx (Versão: 2026 - 02)...
2026-06-09 19:34:42,988 - [ INFO ] - Lendo e empilhando planilha: tratado_vbp_202603vbpbrasil.xlsx (Versão: 2026 - 03)...
2026-06-09 19:34:43,053 - [ INFO ] - Lendo e empilhando planilha: tratado_vbp_202604vbpbrasil.xlsx (Versão: 2026 - 04)...
2026-06-09 19:34:43,146 - [ INFO ] - Lendo e empilhando planilha: tratado_vbp_dashboardvbp202604.xlsx (Versão: 2026 - 04)...
2026-06-09 19:34:45,228 - [ INFO ] - Consolidação salva: base_consolidada_06-2026.xlsx
2026-06-09 19:34:45,229 - [ INFO ] - --- GERANDO DASHBOARD VISUAL (HTML) ---
2026-06-09 19:34:45,306 - [ INFO ] - Montando painel com o histórico de versões até: 2026 - 04...
2026-06-09 19:34:45,372 - [ INFO ] - Sucesso! Relatório gerado em: /home/runner/work/AGCO-AgriIntel/AGCO-AgriIntel/index.html
2026-06-09 19:34:45,372 - [ INFO ] - --- GERANDO PÁGINA DE COTAÇÕES INTERNACIONAIS ---
2026-06-09 19:34:45,372 - [ INFO ] - --- COLETANDO HISTÓRICO DE TENDÊNCIAS (DESDE 2023) ---
2026-06-09 19:34:46,245 - [ INFO ] - Sucesso! Relatório de preços gerado em: /home/runner/work/AGCO-AgriIntel/AGCO-AgriIntel/precos.html
2026-06-09 19:51:48,252 - [ INFO ] - --- INICIANDO WEB SCRAPING ---
2026-06-09 19:51:52,137 - [ INFO ] - Baixando: dashboardvbp202604.xlsx...
2026-06-09 19:51:54,676 - [ INFO ] - Baixando: 202604vbpbrasil.xlsx...
2026-06-09 19:51:57,044 - [ INFO ] - Baixando: 202603vbpbrasil.xlsx...
2026-06-09 19:51:58,299 - [ INFO ] - Baixando: 202602vbpbrasil.xlsx...
2026-06-09 19:51:59,693 - [ INFO ] - Baixando: 202601vbpbrasil.xlsx...
2026-06-09 19:52:00,946 - [ INFO ] - --- INICIANDO PROCESSAMENTO DE DADOS ---
2026-06-09 19:52:00,946 - [ WARNING ] - Nenhum arquivo encontrado com o padrão: *_volume_*.xls*
2026-06-09 19:52:00,946 - [ INFO ] - Lendo e empilhando planilha: tratado_vbp_202601vbpbrasil.xlsx (Versão: 2026 - 01)...
2026-06-09 19:52:01,284 - [ INFO ] - Lendo e empilhando planilha: tratado_vbp_202602vbpbrasil.xlsx (Versão: 2026 - 02)...
2026-06-09 19:52:01,349 - [ INFO ] - Lendo e empilhando planilha: tratado_vbp_202603vbpbrasil.xlsx (Versão: 2026 - 03)...
2026-06-09 19:52:01,419 - [ INFO ] - Lendo e empilhando planilha: tratado_vbp_202604vbpbrasil.xlsx (Versão: 2026 - 04)...
2026-06-09 19:52:01,527 - [ INFO ] - Lendo e empilhando planilha: tratado_vbp_dashboardvbp202604.xlsx (Versão: 2026 - 04)...
2026-06-09 19:52:03,123 - [ INFO ] - Consolidação salva: base_consolidada_06-2026.xlsx
2026-06-09 19:52:03,123 - [ INFO ] - --- GERANDO DASHBOARD VISUAL (HTML) ---
2026-06-09 19:52:03,215 - [ INFO ] - Montando painel com o histórico de versões até: 2026 - 04...
2026-06-09 19:52:03,280 - [ INFO ] - Sucesso! Relatório gerado em: /home/runner/work/AGCO-AgriIntel/AGCO-AgriIntel/index.html
2026-06-09 19:52:03,280 - [ INFO ] - --- GERANDO PÁGINA DE COTAÇÕES INTERNACIONAIS ---
2026-06-09 19:52:03,281 - [ INFO ] - --- COLETANDO HISTÓRICO DE TENDÊNCIAS (DESDE 2023) ---
2026-06-09 19:52:04,199 - [ INFO ] - Sucesso! Relatório de preços gerado em: /home/runner/work/AGCO-AgriIntel/AGCO-AgriIntel/precos.html
2026-06-09 20:01:51,075 - [ INFO ] - --- INICIANDO WEB SCRAPING ---
2026-06-09 20:01:53,590 - [ INFO ] - Baixando: dashboardvbp202604.xlsx...
2026-06-09 20:01:56,354 - [ INFO ] - Baixando: 202604vbpbrasil.xlsx...
2026-06-09 20:01:58,555 - [ INFO ] - Baixando: 202603vbpbrasil.xlsx...
2026-06-09 20:01:59,912 - [ INFO ] - Baixando: 202602vbpbrasil.xlsx...
2026-06-09 20:02:01,465 - [ INFO ] - Baixando: 202601vbpbrasil.xlsx...
2026-06-09 20:02:02,841 - [ INFO ] - --- INICIANDO PROCESSAMENTO DE DADOS ---
2026-06-09 20:02:02,841 - [ WARNING ] - Nenhum arquivo encontrado com o padrão: *_volume_*.xls*
2026-06-09 20:02:02,842 - [ INFO ] - Lendo e empilhando planilha: tratado_vbp_202601vbpbrasil.xlsx (Versão: 2026 - 01)...
2026-06-09 20:02:03,007 - [ INFO ] - Lendo e empilhando planilha: tratado_vbp_202602vbpbrasil.xlsx (Versão: 2026 - 02)...
2026-06-09 20:02:03,070 - [ INFO ] - Lendo e empilhando planilha: tratado_vbp_202603vbpbrasil.xlsx (Versão: 2026 - 03)...
2026-06-09 20:02:03,131 - [ INFO ] - Lendo e empilhando planilha: tratado_vbp_202604vbpbrasil.xlsx (Versão: 2026 - 04)...
2026-06-09 20:02:03,221 - [ INFO ] - Lendo e empilhando planilha: tratado_vbp_dashboardvbp202604.xlsx (Versão: 2026 - 04)...
2026-06-09 20:02:04,817 - [ INFO ] - Consolidação salva: base_consolidada_06-2026.xlsx
2026-06-09 20:02:04,818 - [ INFO ] - --- GERANDO DASHBOARD VISUAL (HTML) ---
2026-06-09 20:02:04,893 - [ INFO ] - Montando painel com o histórico de versões até: 2026 - 04...
2026-06-09 20:02:04,955 - [ INFO ] - Sucesso! Relatório gerado em: /home/runner/work/AGCO-AgriIntel/AGCO-AgriIntel/index.html
2026-06-09 20:02:04,955 - [ INFO ] - --- GERANDO PÁGINA DE COTAÇÕES INTERNACIONAIS ---
2026-06-09 20:02:04,955 - [ INFO ] - --- COLETANDO HISTÓRICO DE TENDÊNCIAS (DESDE 2023) ---
2026-06-09 20:02:05,969 - [ INFO ] - Sucesso! Relatório de preços gerado em: /home/runner/work/AGCO-AgriIntel/AGCO-AgriIntel/precos.html
2026-06-09 20:10:48,305 - [ INFO ] - --- INICIANDO WEB SCRAPING ---
2026-06-09 20:10:49,218 - [ INFO ] - Baixando: dashboardvbp202604.xlsx...
2026-06-09 20:10:52,146 - [ INFO ] - Baixando: 202604vbpbrasil.xlsx...
2026-06-09 20:10:54,299 - [ INFO ] - Baixando: 202603vbpbrasil.xlsx...
2026-06-09 20:10:55,647 - [ INFO ] - Baixando: 202602vbpbrasil.xlsx...
2026-06-09 20:10:57,003 - [ INFO ] - Baixando: 202601vbpbrasil.xlsx...
2026-06-09 20:10:58,353 - [ INFO ] - --- INICIANDO PROCESSAMENTO DE DADOS ---
2026-06-09 20:10:58,354 - [ WARNING ] - Nenhum arquivo encontrado com o padrão: *_volume_*.xls*
2026-06-09 20:10:58,354 - [ INFO ] - Lendo e empilhando planilha: tratado_vbp_202601vbpbrasil.xlsx (Versão: 2026 - 01)...
2026-06-09 20:10:58,562 - [ INFO ] - Lendo e empilhando planilha: tratado_vbp_202602vbpbrasil.xlsx (Versão: 2026 - 02)...
2026-06-09 20:10:58,629 - [ INFO ] - Lendo e empilhando planilha: tratado_vbp_202603vbpbrasil.xlsx (Versão: 2026 - 03)...
2026-06-09 20:10:58,696 - [ INFO ] - Lendo e empilhando planilha: tratado_vbp_202604vbpbrasil.xlsx (Versão: 2026 - 04)...
2026-06-09 20:10:58,796 - [ INFO ] - Lendo e empilhando planilha: tratado_vbp_dashboardvbp202604.xlsx (Versão: 2026 - 04)...
2026-06-09 20:11:00,896 - [ INFO ] - Consolidação salva: base_consolidada_06-2026.xlsx
2026-06-09 20:11:00,896 - [ INFO ] - --- GERANDO DASHBOARD VISUAL (HTML) ---
2026-06-09 20:11:00,976 - [ INFO ] - Montando painel com o histórico de versões até: 2026 - 04...
2026-06-09 20:11:01,049 - [ INFO ] - Sucesso! Relatório gerado em: /home/runner/work/AGCO-AgriIntel/AGCO-AgriIntel/index.html
2026-06-09 20:11:01,050 - [ INFO ] - --- GERANDO PÁGINA DE COTAÇÕES INTERNACIONAIS ---
2026-06-09 20:11:01,050 - [ INFO ] - --- COLETANDO HISTÓRICO DE TENDÊNCIAS (DESDE 2023) ---
2026-06-09 20:11:01,965 - [ INFO ] - Sucesso! Relatório de preços gerado em: /home/runner/work/AGCO-AgriIntel/AGCO-AgriIntel/precos.html
2026-06-10 12:18:32,726 - [ INFO ] - --- INICIANDO WEB SCRAPING ---
2026-06-10 12:18:38,157 - [ INFO ] - Baixando: dashboardvbp202604.xlsx...
2026-06-10 12:18:42,121 - [ INFO ] - Baixando: 202604vbpbrasil.xlsx...
2026-06-10 12:18:44,958 - [ INFO ] - Baixando: 202603vbpbrasil.xlsx...
2026-06-10 12:18:46,682 - [ INFO ] - Baixando: 202602vbpbrasil.xlsx...
2026-06-10 12:18:48,567 - [ INFO ] - Baixando: 202601vbpbrasil.xlsx...
2026-06-10 12:18:50,394 - [ INFO ] - --- INICIANDO PROCESSAMENTO DE DADOS ---
2026-06-10 12:18:50,394 - [ WARNING ] - Nenhum arquivo encontrado com o padrão: *_volume_*.xls*
2026-06-10 12:18:50,395 - [ INFO ] - Lendo e empilhando planilha: tratado_vbp_202601vbpbrasil.xlsx (Versão: 2026 - 01)...
2026-06-10 12:18:50,564 - [ INFO ] - Lendo e empilhando planilha: tratado_vbp_202602vbpbrasil.xlsx (Versão: 2026 - 02)...
2026-06-10 12:18:50,604 - [ INFO ] - Lendo e empilhando planilha: tratado_vbp_202603vbpbrasil.xlsx (Versão: 2026 - 03)...
2026-06-10 12:18:50,645 - [ INFO ] - Lendo e empilhando planilha: tratado_vbp_202604vbpbrasil.xlsx (Versão: 2026 - 04)...
2026-06-10 12:18:50,734 - [ INFO ] - Lendo e empilhando planilha: tratado_vbp_dashboardvbp202604.xlsx (Versão: 2026 - 04)...
2026-06-10 12:18:51,663 - [ INFO ] - Consolidação salva: base_consolidada_06-2026.xlsx
2026-06-10 12:18:51,663 - [ INFO ] - --- GERANDO DASHBOARD VISUAL (HTML) ---
2026-06-10 12:18:51,741 - [ INFO ] - Montando painel com o histórico de versões até: 2026 - 04...
2026-06-10 12:18:51,784 - [ INFO ] - Sucesso! Relatório gerado em: /home/runner/work/AGCO-AgriIntel/AGCO-AgriIntel/index.html
2026-06-10 12:18:51,784 - [ INFO ] - --- GERANDO PÁGINA DE COTAÇÕES INTERNACIONAIS ---
2026-06-10 12:18:51,784 - [ INFO ] - --- COLETANDO HISTÓRICO DE TENDÊNCIAS (DESDE 2023) ---
2026-06-10 12:18:53,153 - [ INFO ] - Sucesso! Relatório de preços gerado em: /home/runner/work/AGCO-AgriIntel/AGCO-AgriIntel/precos.html
2026-06-11 11:52:34,693 - [ INFO ] - --- INICIANDO WEB SCRAPING ---
2026-06-11 11:52:37,656 - [ INFO ] - Baixando: dashboardvbp202604.xlsx...
2026-06-11 11:52:41,314 - [ INFO ] - Baixando: 202604vbpbrasil.xlsx...
2026-06-11 11:52:43,862 - [ INFO ] - Baixando: 202603vbpbrasil.xlsx...
2026-06-11 11:52:45,613 - [ INFO ] - Baixando: 202602vbpbrasil.xlsx...
2026-06-11 11:52:47,578 - [ INFO ] - Baixando: 202601vbpbrasil.xlsx...
2026-06-11 11:52:49,352 - [ INFO ] - --- INICIANDO PROCESSAMENTO DE DADOS ---
2026-06-11 11:52:49,352 - [ WARNING ] - Nenhum arquivo encontrado com o padrão: *_volume_*.xls*
2026-06-11 11:52:49,353 - [ INFO ] - Lendo e empilhando planilha: tratado_vbp_202601vbpbrasil.xlsx (Versão: 2026 - 01)...
2026-06-11 11:52:49,617 - [ INFO ] - Lendo e empilhando planilha: tratado_vbp_202602vbpbrasil.xlsx (Versão: 2026 - 02)...
2026-06-11 11:52:49,682 - [ INFO ] - Lendo e empilhando planilha: tratado_vbp_202603vbpbrasil.xlsx (Versão: 2026 - 03)...
2026-06-11 11:52:49,746 - [ INFO ] - Lendo e empilhando planilha: tratado_vbp_202604vbpbrasil.xlsx (Versão: 2026 - 04)...
2026-06-11 11:52:49,833 - [ INFO ] - Lendo e empilhando planilha: tratado_vbp_dashboardvbp202604.xlsx (Versão: 2026 - 04)...
2026-06-11 11:52:51,926 - [ INFO ] - Consolidação salva: base_consolidada_06-2026.xlsx
2026-06-11 11:52:51,927 - [ INFO ] - --- GERANDO DASHBOARD VISUAL (HTML) ---
2026-06-11 11:52:52,002 - [ INFO ] - Montando painel com o histórico de versões até: 2026 - 04...
2026-06-11 11:52:52,067 - [ INFO ] - Sucesso! Relatório gerado em: /home/runner/work/AGCO-AgriIntel/AGCO-AgriIntel/index.html
2026-06-11 11:52:52,067 - [ INFO ] - --- GERANDO PÁGINA DE COTAÇÕES INTERNACIONAIS ---
2026-06-11 11:52:52,067 - [ INFO ] - --- COLETANDO HISTÓRICO DE TENDÊNCIAS (DESDE 2023) ---
2026-06-11 11:52:52,929 - [ INFO ] - Sucesso! Relatório de preços gerado em: /home/runner/work/AGCO-AgriIntel/AGCO-AgriIntel/precos.html
2026-06-11 12:26:06,438 - [ INFO ] - --- INICIANDO WEB SCRAPING ---
2026-06-11 12:26:09,097 - [ INFO ] - Baixando: dashboardvbp202604.xlsx...
2026-06-11 12:26:12,557 - [ INFO ] - Baixando: 202604vbpbrasil.xlsx...
2026-06-11 12:26:15,068 - [ INFO ] - Baixando: 202603vbpbrasil.xlsx...
2026-06-11 12:26:16,806 - [ INFO ] - Baixando: 202602vbpbrasil.xlsx...
2026-06-11 12:26:18,544 - [ INFO ] - Baixando: 202601vbpbrasil.xlsx...
2026-06-11 12:26:20,300 - [ INFO ] - --- INICIANDO PROCESSAMENTO DE DADOS ---
2026-06-11 12:26:20,300 - [ WARNING ] - Nenhum arquivo encontrado com o padrão: *_volume_*.xls*
2026-06-11 12:26:20,300 - [ INFO ] - Lendo e empilhando planilha: tratado_vbp_202601vbpbrasil.xlsx (Versão: 2026 - 01)...
2026-06-11 12:26:20,513 - [ INFO ] - Lendo e empilhando planilha: tratado_vbp_202602vbpbrasil.xlsx (Versão: 2026 - 02)...
2026-06-11 12:26:20,578 - [ INFO ] - Lendo e empilhando planilha: tratado_vbp_202603vbpbrasil.xlsx (Versão: 2026 - 03)...
2026-06-11 12:26:20,643 - [ INFO ] - Lendo e empilhando planilha: tratado_vbp_202604vbpbrasil.xlsx (Versão: 2026 - 04)...
2026-06-11 12:26:20,736 - [ INFO ] - Lendo e empilhando planilha: tratado_vbp_dashboardvbp202604.xlsx (Versão: 2026 - 04)...
2026-06-11 12:26:22,855 - [ INFO ] - Consolidação salva: base_consolidada_06-2026.xlsx
2026-06-11 12:26:22,855 - [ INFO ] - --- GERANDO DASHBOARD VISUAL (HTML) ---
2026-06-11 12:26:22,936 - [ INFO ] - Montando painel com o histórico de versões até: 2026 - 04...
2026-06-11 12:26:23,002 - [ INFO ] - Sucesso! Relatório gerado em: /home/runner/work/AGCO-AgriIntel/AGCO-AgriIntel/index.html
2026-06-11 12:26:23,003 - [ INFO ] - --- GERANDO PÁGINA DE COTAÇÕES INTERNACIONAIS ---
2026-06-11 12:26:23,003 - [ INFO ] - --- COLETANDO HISTÓRICO DE TENDÊNCIAS (DESDE 2023) ---
2026-06-11 12:26:23,711 - [ INFO ] - Sucesso! Relatório de preços gerado em: /home/runner/work/AGCO-AgriIntel/AGCO-AgriIntel/precos.html
2026-06-11 12:42:46,129 - [ INFO ] - --- INICIANDO WEB SCRAPING ---
2026-06-11 12:42:47,209 - [ INFO ] - Baixando: dashboardvbp202604.xlsx...
2026-06-11 12:42:51,214 - [ INFO ] - Baixando: 202604vbpbrasil.xlsx...
2026-06-11 12:42:53,714 - [ INFO ] - Baixando: 202603vbpbrasil.xlsx...
2026-06-11 12:42:55,559 - [ INFO ] - Baixando: 202602vbpbrasil.xlsx...
2026-06-11 12:42:57,294 - [ INFO ] - Baixando: 202601vbpbrasil.xlsx...
2026-06-11 12:42:59,030 - [ INFO ] - --- INICIANDO PROCESSAMENTO DE DADOS ---
2026-06-11 12:42:59,030 - [ WARNING ] - Nenhum arquivo encontrado com o padrão: *_volume_*.xls*
2026-06-11 12:42:59,031 - [ INFO ] - Lendo e empilhando planilha: tratado_vbp_202601vbpbrasil.xlsx (Versão: 2026 - 01)...
2026-06-11 12:42:59,203 - [ INFO ] - Lendo e empilhando planilha: tratado_vbp_202602vbpbrasil.xlsx (Versão: 2026 - 02)...
2026-06-11 12:42:59,269 - [ INFO ] - Lendo e empilhando planilha: tratado_vbp_202603vbpbrasil.xlsx (Versão: 2026 - 03)...
2026-06-11 12:42:59,335 - [ INFO ] - Lendo e empilhando planilha: tratado_vbp_202604vbpbrasil.xlsx (Versão: 2026 - 04)...
2026-06-11 12:42:59,432 - [ INFO ] - Lendo e empilhando planilha: tratado_vbp_dashboardvbp202604.xlsx (Versão: 2026 - 04)...
2026-06-11 12:43:01,498 - [ INFO ] - Consolidação salva: base_consolidada_06-2026.xlsx
2026-06-11 12:43:01,499 - [ INFO ] - --- GERANDO DASHBOARD VISUAL (HTML) ---
2026-06-11 12:43:01,575 - [ INFO ] - Montando painel com o histórico de versões até: 2026 - 04...
2026-06-11 12:43:01,641 - [ INFO ] - Sucesso! Relatório gerado em: /home/runner/work/AGCO-AgriIntel/AGCO-AgriIntel/index.html
2026-06-11 12:43:01,641 - [ INFO ] - --- GERANDO PÁGINA DE COTAÇÕES INTERNACIONAIS ---
2026-06-11 12:43:01,641 - [ INFO ] - --- COLETANDO HISTÓRICO DE TENDÊNCIAS (DESDE 2023) ---
2026-06-11 12:43:02,463 - [ INFO ] - Sucesso! Relatório de preços gerado em: /home/runner/work/AGCO-AgriIntel/AGCO-AgriIntel/precos.html
2026-06-12 12:16:46,833 - [ INFO ] - --- INICIANDO WEB SCRAPING ---
2026-06-12 12:16:50,208 - [ INFO ] - Baixando: dashboardvbp202605.xlsx...
2026-06-12 12:16:53,443 - [ INFO ] - Baixando: 202605vbpbrasil.xlsx...
2026-06-12 12:16:56,520 - [ INFO ] - Baixando: 202604vbpbrasil.xlsx...
2026-06-12 12:16:57,930 - [ INFO ] - Baixando: 202603vbpbrasil.xlsx...
2026-06-12 12:16:59,323 - [ INFO ] - Baixando: 202602vbpbrasil.xlsx...
2026-06-12 12:17:00,745 - [ INFO ] - Baixando: 202601vbpbrasil.xlsx...
2026-06-12 12:17:02,167 - [ INFO ] - --- INICIANDO PROCESSAMENTO DE DADOS ---
2026-06-12 12:17:02,168 - [ WARNING ] - Nenhum arquivo encontrado com o padrão: *_volume_*.xls*
2026-06-12 12:17:02,168 - [ INFO ] - Lendo e empilhando planilha: tratado_vbp_202601vbpbrasil.xlsx (Versão: 2026 - 01)...
2026-06-12 12:17:02,342 - [ INFO ] - Lendo e empilhando planilha: tratado_vbp_202602vbpbrasil.xlsx (Versão: 2026 - 02)...
2026-06-12 12:17:02,405 - [ INFO ] - Lendo e empilhando planilha: tratado_vbp_202603vbpbrasil.xlsx (Versão: 2026 - 03)...
2026-06-12 12:17:02,468 - [ INFO ] - Lendo e empilhando planilha: tratado_vbp_202604vbpbrasil.xlsx (Versão: 2026 - 04)...
2026-06-12 12:17:02,564 - [ INFO ] - Lendo e empilhando planilha: tratado_vbp_202605vbpbrasil.xlsx (Versão: 2026 - 05)...
2026-06-12 12:17:02,629 - [ INFO ] - Lendo e empilhando planilha: tratado_vbp_dashboardvbp202605.xlsx (Versão: 2026 - 05)...
2026-06-12 12:17:04,280 - [ INFO ] - Consolidação salva: base_consolidada_06-2026.xlsx
2026-06-12 12:17:04,280 - [ INFO ] - --- GERANDO DASHBOARD VISUAL (HTML) ---
2026-06-12 12:17:04,336 - [ INFO ] - Montando painel com o histórico de versões até: 2026 - 05...
2026-06-12 12:17:04,403 - [ INFO ] - Sucesso! Relatório gerado em: /home/runner/work/AGCO-AgriIntel/AGCO-AgriIntel/index.html
2026-06-12 12:17:04,403 - [ INFO ] - --- GERANDO PÁGINA DE COTAÇÕES INTERNACIONAIS ---
2026-06-12 12:17:04,403 - [ INFO ] - --- COLETANDO HISTÓRICO DE TENDÊNCIAS (DESDE 2023) ---
2026-06-12 12:17:05,448 - [ INFO ] - Sucesso! Relatório de preços gerado em: /home/runner/work/AGCO-AgriIntel/AGCO-AgriIntel/precos.html
2026-06-15 15:12:40,270 - [ INFO ] - --- INICIANDO WEB SCRAPING ---
2026-06-15 15:12:43,128 - [ INFO ] - Baixando: dashboardvbp202605.xlsx...
2026-06-15 15:12:45,802 - [ INFO ] - Baixando: 202605vbpbrasil.xlsx...
2026-06-15 15:12:47,713 - [ INFO ] - Baixando: 202604vbpbrasil.xlsx...
2026-06-15 15:12:49,074 - [ INFO ] - Baixando: 202603vbpbrasil.xlsx...
2026-06-15 15:12:50,464 - [ INFO ] - Baixando: 202602vbpbrasil.xlsx...
2026-06-15 15:12:51,973 - [ INFO ] - Baixando: 202601vbpbrasil.xlsx...
2026-06-15 15:12:53,376 - [ INFO ] - --- INICIANDO PROCESSAMENTO DE DADOS ---
2026-06-15 15:12:53,376 - [ WARNING ] - Nenhum arquivo encontrado com o padrão: *_volume_*.xls*
2026-06-15 15:12:53,377 - [ INFO ] - Lendo e empilhando planilha: tratado_vbp_202601vbpbrasil.xlsx (Versão: 2026 - 01)...
2026-06-15 15:12:53,549 - [ INFO ] - Lendo e empilhando planilha: tratado_vbp_202602vbpbrasil.xlsx (Versão: 2026 - 02)...
2026-06-15 15:12:53,617 - [ INFO ] - Lendo e empilhando planilha: tratado_vbp_202603vbpbrasil.xlsx (Versão: 2026 - 03)...
2026-06-15 15:12:53,683 - [ INFO ] - Lendo e empilhando planilha: tratado_vbp_202604vbpbrasil.xlsx (Versão: 2026 - 04)...
2026-06-15 15:12:53,797 - [ INFO ] - Lendo e empilhando planilha: tratado_vbp_202605vbpbrasil.xlsx (Versão: 2026 - 05)...
2026-06-15 15:12:53,864 - [ INFO ] - Lendo e empilhando planilha: tratado_vbp_dashboardvbp202605.xlsx (Versão: 2026 - 05)...
2026-06-15 15:12:56,066 - [ INFO ] - Consolidação salva: base_consolidada_06-2026.xlsx
2026-06-15 15:12:56,066 - [ INFO ] - --- GERANDO DASHBOARD VISUAL (HTML) ---
2026-06-15 15:12:56,126 - [ INFO ] - Montando painel com o histórico de versões até: 2026 - 05...
2026-06-15 15:12:56,201 - [ INFO ] - Sucesso! Relatório gerado em: /home/runner/work/AGCO-AgriIntel/AGCO-AgriIntel/index.html
2026-06-15 15:12:56,201 - [ INFO ] - --- GERANDO PÁGINA DE COTAÇÕES INTERNACIONAIS ---
2026-06-15 15:12:56,201 - [ INFO ] - --- COLETANDO HISTÓRICO DE TENDÊNCIAS (DESDE 2023) ---
2026-06-15 15:12:57,005 - [ INFO ] - Sucesso! Relatório de preços gerado em: /home/runner/work/AGCO-AgriIntel/AGCO-AgriIntel/precos.html
2026-06-16 13:26:51,684 - [ INFO ] - --- INICIANDO WEB SCRAPING ---
2026-06-16 13:27:12,179 - [ ERROR ] - Falha de conexão com o site: HTTPSConnectionPool(host='www.gov.br', port=443): Max retries exceeded with url: /agricultura/pt-br/assuntos/politica-agricola/valor-bruto-da-producao-agropecuaria-vbp (Caused by NewConnectionError("HTTPSConnection(host='www.gov.br', port=443): Failed to establish a new connection: [Errno 101] Network is unreachable"))
2026-06-16 13:27:12,179 - [ INFO ] - --- GERANDO PÁGINA DE COTAÇÕES INTERNACIONAIS ---
2026-06-16 13:27:12,179 - [ INFO ] - --- COLETANDO HISTÓRICO DE TENDÊNCIAS (DESDE 2023) ---
2026-06-16 13:27:14,157 - [ INFO ] - Sucesso! Relatório de preços gerado em: /home/runner/work/AGCO-AgriIntel/AGCO-AgriIntel/precos.html
2026-06-17 12:49:50,507 - [ INFO ] - --- INICIANDO WEB SCRAPING ---
2026-06-17 12:49:53,967 - [ INFO ] - Baixando: dashboardvbp202605.xlsx...
2026-06-17 12:49:57,821 - [ INFO ] - Baixando: 202605vbpbrasil.xlsx...
2026-06-17 12:50:11,368 - [ INFO ] - Baixando: 202604vbpbrasil.xlsx...
2026-06-17 12:50:18,444 - [ INFO ] - Baixando: 202603vbpbrasil.xlsx...
2026-06-17 12:50:30,474 - [ INFO ] - Baixando: 202602vbpbrasil.xlsx...
2026-06-17 12:50:32,409 - [ INFO ] - Baixando: 202601vbpbrasil.xlsx...
2026-06-17 12:50:34,209 - [ INFO ] - --- INICIANDO PROCESSAMENTO DE DADOS ---
2026-06-17 12:50:34,210 - [ WARNING ] - Nenhum arquivo encontrado com o padrão: *_volume_*.xls*
2026-06-17 12:50:34,210 - [ INFO ] - Lendo e empilhando planilha: tratado_vbp_202601vbpbrasil.xlsx (Versão: 2026 - 01)...
2026-06-17 12:50:34,341 - [ INFO ] - Lendo e empilhando planilha: tratado_vbp_202602vbpbrasil.xlsx (Versão: 2026 - 02)...
2026-06-17 12:50:34,389 - [ INFO ] - Lendo e empilhando planilha: tratado_vbp_202603vbpbrasil.xlsx (Versão: 2026 - 03)...
2026-06-17 12:50:34,436 - [ INFO ] - Lendo e empilhando planilha: tratado_vbp_202604vbpbrasil.xlsx (Versão: 2026 - 04)...
2026-06-17 12:50:34,510 - [ INFO ] - Lendo e empilhando planilha: tratado_vbp_202605vbpbrasil.xlsx (Versão: 2026 - 05)...
2026-06-17 12:50:34,558 - [ INFO ] - Lendo e empilhando planilha: tratado_vbp_dashboardvbp202605.xlsx (Versão: 2026 - 05)...
2026-06-17 12:50:35,828 - [ INFO ] - Consolidação salva: base_consolidada_06-2026.xlsx
2026-06-17 12:50:35,828 - [ INFO ] - --- GERANDO DASHBOARD VISUAL (HTML) ---
2026-06-17 12:50:35,871 - [ INFO ] - Montando painel com o histórico de versões até: 2026 - 05...
2026-06-17 12:50:35,922 - [ INFO ] - Sucesso! Relatório gerado em: /home/runner/work/AGCO-AgriIntel/AGCO-AgriIntel/index.html
2026-06-17 12:50:35,922 - [ INFO ] - --- GERANDO PÁGINA DE COTAÇÕES INTERNACIONAIS ---
2026-06-17 12:50:35,922 - [ INFO ] - --- COLETANDO HISTÓRICO DE TENDÊNCIAS (DESDE 2023) ---
2026-06-17 12:50:36,772 - [ INFO ] - Sucesso! Relatório de preços gerado em: /home/runner/work/AGCO-AgriIntel/AGCO-AgriIntel/precos.html
2026-06-18 12:22:14,317 - [ INFO ] - --- INICIANDO WEB SCRAPING ---
2026-06-18 12:22:17,064 - [ INFO ] - Baixando: dashboardvbp202605.xlsx...
2026-06-18 12:22:20,524 - [ INFO ] - Baixando: 202605vbpbrasil.xlsx...
2026-06-18 12:22:23,791 - [ INFO ] - Baixando: 202604vbpbrasil.xlsx...
2026-06-18 12:22:25,524 - [ INFO ] - Baixando: 202603vbpbrasil.xlsx...
2026-06-18 12:22:27,480 - [ INFO ] - Baixando: 202602vbpbrasil.xlsx...
2026-06-18 12:22:31,928 - [ INFO ] - Baixando: 202601vbpbrasil.xlsx...
2026-06-18 12:22:34,825 - [ INFO ] - --- INICIANDO PROCESSAMENTO DE DADOS ---
2026-06-18 12:22:34,825 - [ WARNING ] - Nenhum arquivo encontrado com o padrão: *_volume_*.xls*
2026-06-18 12:22:34,826 - [ INFO ] - Lendo e empilhando planilha: tratado_vbp_202601vbpbrasil.xlsx (Versão: 2026 - 01)...
2026-06-18 12:22:35,029 - [ INFO ] - Lendo e empilhando planilha: tratado_vbp_202602vbpbrasil.xlsx (Versão: 2026 - 02)...
2026-06-18 12:22:35,094 - [ INFO ] - Lendo e empilhando planilha: tratado_vbp_202603vbpbrasil.xlsx (Versão: 2026 - 03)...
2026-06-18 12:22:35,159 - [ INFO ] - Lendo e empilhando planilha: tratado_vbp_202604vbpbrasil.xlsx (Versão: 2026 - 04)...
2026-06-18 12:22:35,255 - [ INFO ] - Lendo e empilhando planilha: tratado_vbp_202605vbpbrasil.xlsx (Versão: 2026 - 05)...
2026-06-18 12:22:35,320 - [ INFO ] - Lendo e empilhando planilha: tratado_vbp_dashboardvbp202605.xlsx (Versão: 2026 - 05)...
2026-06-18 12:22:37,419 - [ INFO ] - Consolidação salva: base_consolidada_06-2026.xlsx
2026-06-18 12:22:37,419 - [ INFO ] - --- GERANDO DASHBOARD VISUAL (HTML) ---
2026-06-18 12:22:37,478 - [ INFO ] - Montando painel com o histórico de versões até: 2026 - 05...
2026-06-18 12:22:37,549 - [ INFO ] - Sucesso! Relatório gerado em: /home/runner/work/AGCO-AgriIntel/AGCO-AgriIntel/index.html
2026-06-18 12:22:37,549 - [ INFO ] - --- GERANDO PÁGINA DE COTAÇÕES INTERNACIONAIS ---
2026-06-18 12:22:37,549 - [ INFO ] - --- COLETANDO HISTÓRICO DE TENDÊNCIAS (DESDE 2023) ---
2026-06-18 12:22:38,351 - [ INFO ] - Sucesso! Relatório de preços gerado em: /home/runner/work/AGCO-AgriIntel/AGCO-AgriIntel/precos.html
2026-06-19 12:43:47,913 - [ INFO ] - --- INICIANDO WEB SCRAPING ---
2026-06-19 12:43:50,737 - [ INFO ] - Baixando: dashboardvbp202605.xlsx...
2026-06-19 12:43:54,692 - [ INFO ] - Baixando: 202605vbpbrasil.xlsx...
2026-06-19 12:43:57,164 - [ INFO ] - Baixando: 202604vbpbrasil.xlsx...
2026-06-19 12:43:58,797 - [ INFO ] - Baixando: 202603vbpbrasil.xlsx...
2026-06-19 12:44:00,569 - [ INFO ] - Baixando: 202602vbpbrasil.xlsx...
2026-06-19 12:44:02,364 - [ INFO ] - Baixando: 202601vbpbrasil.xlsx...
2026-06-19 12:44:04,171 - [ INFO ] - --- INICIANDO PROCESSAMENTO DE DADOS ---
2026-06-19 12:44:04,171 - [ WARNING ] - Nenhum arquivo encontrado com o padrão: *_volume_*.xls*
2026-06-19 12:44:04,172 - [ INFO ] - Lendo e empilhando planilha: tratado_vbp_202601vbpbrasil.xlsx (Versão: 2026 - 01)...
2026-06-19 12:44:04,333 - [ INFO ] - Lendo e empilhando planilha: tratado_vbp_202602vbpbrasil.xlsx (Versão: 2026 - 02)...
2026-06-19 12:44:04,394 - [ INFO ] - Lendo e empilhando planilha: tratado_vbp_202603vbpbrasil.xlsx (Versão: 2026 - 03)...
2026-06-19 12:44:04,456 - [ INFO ] - Lendo e empilhando planilha: tratado_vbp_202604vbpbrasil.xlsx (Versão: 2026 - 04)...
2026-06-19 12:44:04,544 - [ INFO ] - Lendo e empilhando planilha: tratado_vbp_202605vbpbrasil.xlsx (Versão: 2026 - 05)...
2026-06-19 12:44:04,605 - [ INFO ] - Lendo e empilhando planilha: tratado_vbp_dashboardvbp202605.xlsx (Versão: 2026 - 05)...
2026-06-19 12:44:06,238 - [ INFO ] - Consolidação salva: base_consolidada_06-2026.xlsx
2026-06-19 12:44:06,239 - [ INFO ] - --- GERANDO DASHBOARD VISUAL (HTML) ---
2026-06-19 12:44:06,293 - [ INFO ] - Montando painel com o histórico de versões até: 2026 - 05...
2026-06-19 12:44:06,359 - [ INFO ] - Sucesso! Relatório gerado em: /home/runner/work/AGCO-AgriIntel/AGCO-AgriIntel/index.html
2026-06-19 12:44:06,359 - [ INFO ] - --- GERANDO PÁGINA DE COTAÇÕES INTERNACIONAIS ---
2026-06-19 12:44:06,359 - [ INFO ] - --- COLETANDO HISTÓRICO DE TENDÊNCIAS (DESDE 2023) ---
2026-06-19 12:44:08,209 - [ INFO ] - Sucesso! Relatório de preços gerado em: /home/runner/work/AGCO-AgriIntel/AGCO-AgriIntel/precos.html
2026-06-22 14:34:39,214 - [ INFO ] - --- INICIANDO WEB SCRAPING ---
2026-06-22 14:34:59,361 - [ ERROR ] - Falha de conexão com o site: HTTPSConnectionPool(host='www.gov.br', port=443): Max retries exceeded with url: /agricultura/pt-br/assuntos/politica-agricola/valor-bruto-da-producao-agropecuaria-vbp (Caused by NewConnectionError("HTTPSConnection(host='www.gov.br', port=443): Failed to establish a new connection: [Errno 101] Network is unreachable"))
2026-06-22 14:34:59,361 - [ INFO ] - --- GERANDO PÁGINA DE COTAÇÕES INTERNACIONAIS ---
2026-06-22 14:34:59,361 - [ INFO ] - --- COLETANDO HISTÓRICO DE TENDÊNCIAS (DESDE 2023) ---
2026-06-22 14:35:00,343 - [ INFO ] - Sucesso! Relatório de preços gerado em: /home/runner/work/AGCO-AgriIntel/AGCO-AgriIntel/precos.html
2026-06-23 11:58:04,758 - [ INFO ] - --- INICIANDO WEB SCRAPING ---
2026-06-23 11:58:07,558 - [ INFO ] - Baixando: dashboardvbp202605.xlsx...
2026-06-23 11:58:09,991 - [ INFO ] - Baixando: 202605vbpbrasil.xlsx...
2026-06-23 11:58:11,794 - [ INFO ] - Baixando: 202604vbpbrasil.xlsx...
2026-06-23 11:58:13,024 - [ INFO ] - Baixando: 202603vbpbrasil.xlsx...
2026-06-23 11:58:14,258 - [ INFO ] - Baixando: 202602vbpbrasil.xlsx...
2026-06-23 11:58:15,499 - [ INFO ] - Baixando: 202601vbpbrasil.xlsx...
2026-06-23 11:58:16,735 - [ INFO ] - --- INICIANDO PROCESSAMENTO DE DADOS ---
2026-06-23 11:58:16,735 - [ WARNING ] - Nenhum arquivo encontrado com o padrão: *_volume_*.xls*
2026-06-23 11:58:16,736 - [ INFO ] - Lendo e empilhando planilha: tratado_vbp_202601vbpbrasil.xlsx (Versão: 2026 - 01)...
2026-06-23 11:58:16,941 - [ INFO ] - Lendo e empilhando planilha: tratado_vbp_202602vbpbrasil.xlsx (Versão: 2026 - 02)...
2026-06-23 11:58:17,003 - [ INFO ] - Lendo e empilhando planilha: tratado_vbp_202603vbpbrasil.xlsx (Versão: 2026 - 03)...
2026-06-23 11:58:17,066 - [ INFO ] - Lendo e empilhando planilha: tratado_vbp_202604vbpbrasil.xlsx (Versão: 2026 - 04)...
2026-06-23 11:58:17,158 - [ INFO ] - Lendo e empilhando planilha: tratado_vbp_202605vbpbrasil.xlsx (Versão: 2026 - 05)...
2026-06-23 11:58:17,221 - [ INFO ] - Lendo e empilhando planilha: tratado_vbp_dashboardvbp202605.xlsx (Versão: 2026 - 05)...
2026-06-23 11:58:18,889 - [ INFO ] - Consolidação salva: base_consolidada_06-2026.xlsx
2026-06-23 11:58:18,890 - [ INFO ] - --- GERANDO DASHBOARD VISUAL (HTML) ---
2026-06-23 11:58:18,945 - [ INFO ] - Montando painel com o histórico de versões até: 2026 - 05...
2026-06-23 11:58:19,011 - [ INFO ] - Sucesso! Relatório gerado em: /home/runner/work/AGCO-AgriIntel/AGCO-AgriIntel/index.html
2026-06-23 11:58:19,011 - [ INFO ] - --- GERANDO PÁGINA DE COTAÇÕES INTERNACIONAIS ---
2026-06-23 11:58:19,011 - [ INFO ] - --- COLETANDO HISTÓRICO DE TENDÊNCIAS (DESDE 2023) ---
2026-06-23 11:58:19,879 - [ INFO ] - Sucesso! Relatório de preços gerado em: /home/runner/work/AGCO-AgriIntel/AGCO-AgriIntel/precos.html
2026-06-24 11:43:15,615 - [ INFO ] - --- INICIANDO WEB SCRAPING ---
2026-06-24 11:43:19,565 - [ INFO ] - Baixando: dashboardvbp202605.xlsx...
2026-06-24 11:43:23,239 - [ INFO ] - Baixando: 202605vbpbrasil.xlsx...
2026-06-24 11:43:25,753 - [ INFO ] - Baixando: 202604vbpbrasil.xlsx...
2026-06-24 11:43:27,503 - [ INFO ] - Baixando: 202603vbpbrasil.xlsx...
2026-06-24 11:43:29,451 - [ INFO ] - Baixando: 202602vbpbrasil.xlsx...
2026-06-24 11:43:31,209 - [ INFO ] - Baixando: 202601vbpbrasil.xlsx...
2026-06-24 11:43:32,965 - [ INFO ] - --- INICIANDO PROCESSAMENTO DE DADOS ---
2026-06-24 11:43:32,965 - [ WARNING ] - Nenhum arquivo encontrado com o padrão: *_volume_*.xls*
2026-06-24 11:43:32,966 - [ INFO ] - Lendo e empilhando planilha: tratado_vbp_202601vbpbrasil.xlsx (Versão: 2026 - 01)...
2026-06-24 11:43:33,176 - [ INFO ] - Lendo e empilhando planilha: tratado_vbp_202602vbpbrasil.xlsx (Versão: 2026 - 02)...
2026-06-24 11:43:33,240 - [ INFO ] - Lendo e empilhando planilha: tratado_vbp_202603vbpbrasil.xlsx (Versão: 2026 - 03)...
2026-06-24 11:43:33,304 - [ INFO ] - Lendo e empilhando planilha: tratado_vbp_202604vbpbrasil.xlsx (Versão: 2026 - 04)...
2026-06-24 11:43:33,392 - [ INFO ] - Lendo e empilhando planilha: tratado_vbp_202605vbpbrasil.xlsx (Versão: 2026 - 05)...
2026-06-24 11:43:33,456 - [ INFO ] - Lendo e empilhando planilha: tratado_vbp_dashboardvbp202605.xlsx (Versão: 2026 - 05)...
2026-06-24 11:43:35,588 - [ INFO ] - Consolidação salva: base_consolidada_06-2026.xlsx
2026-06-24 11:43:35,588 - [ INFO ] - --- GERANDO DASHBOARD VISUAL (HTML) ---
2026-06-24 11:43:35,646 - [ INFO ] - Montando painel com o histórico de versões até: 2026 - 05...
2026-06-24 11:43:35,715 - [ INFO ] - Sucesso! Relatório gerado em: /home/runner/work/AGCO-AgriIntel/AGCO-AgriIntel/index.html
2026-06-24 11:43:35,715 - [ INFO ] - --- GERANDO PÁGINA DE COTAÇÕES INTERNACIONAIS ---
2026-06-24 11:43:35,715 - [ INFO ] - --- COLETANDO HISTÓRICO DE TENDÊNCIAS (DESDE 2023) ---
2026-06-24 11:43:36,683 - [ INFO ] - Sucesso! Relatório de preços gerado em: /home/runner/work/AGCO-AgriIntel/AGCO-AgriIntel/precos.html
2026-06-25 11:38:39,442 - [ INFO ] - --- INICIANDO WEB SCRAPING ---
2026-06-25 11:38:42,007 - [ INFO ] - Baixando: dashboardvbp202605.xlsx...
2026-06-25 11:38:44,776 - [ INFO ] - Baixando: 202605vbpbrasil.xlsx...
2026-06-25 11:38:46,671 - [ INFO ] - Baixando: 202604vbpbrasil.xlsx...
2026-06-25 11:38:47,971 - [ INFO ] - Baixando: 202603vbpbrasil.xlsx...
2026-06-25 11:38:49,392 - [ INFO ] - Baixando: 202602vbpbrasil.xlsx...
2026-06-25 11:38:50,737 - [ INFO ] - Baixando: 202601vbpbrasil.xlsx...
2026-06-25 11:38:52,017 - [ INFO ] - --- INICIANDO PROCESSAMENTO DE DADOS ---
2026-06-25 11:38:52,017 - [ WARNING ] - Nenhum arquivo encontrado com o padrão: *_volume_*.xls*
2026-06-25 11:38:52,018 - [ INFO ] - Lendo e empilhando planilha: tratado_vbp_202601vbpbrasil.xlsx (Versão: 2026 - 01)...
2026-06-25 11:38:52,179 - [ INFO ] - Lendo e empilhando planilha: tratado_vbp_202602vbpbrasil.xlsx (Versão: 2026 - 02)...
2026-06-25 11:38:52,240 - [ INFO ] - Lendo e empilhando planilha: tratado_vbp_202603vbpbrasil.xlsx (Versão: 2026 - 03)...
2026-06-25 11:38:52,301 - [ INFO ] - Lendo e empilhando planilha: tratado_vbp_202604vbpbrasil.xlsx (Versão: 2026 - 04)...
2026-06-25 11:38:52,389 - [ INFO ] - Lendo e empilhando planilha: tratado_vbp_202605vbpbrasil.xlsx (Versão: 2026 - 05)...
2026-06-25 11:38:52,450 - [ INFO ] - Lendo e empilhando planilha: tratado_vbp_dashboardvbp202605.xlsx (Versão: 2026 - 05)...
2026-06-25 11:38:54,142 - [ INFO ] - Consolidação salva: base_consolidada_06-2026.xlsx
2026-06-25 11:38:54,142 - [ INFO ] - --- GERANDO DASHBOARD VISUAL (HTML) ---
2026-06-25 11:38:54,197 - [ INFO ] - Montando painel com o histórico de versões até: 2026 - 05...
2026-06-25 11:38:54,263 - [ INFO ] - Sucesso! Relatório gerado em: /home/runner/work/AGCO-Agri-Income/AGCO-Agri-Income/index.html
2026-06-25 11:38:54,263 - [ INFO ] - --- GERANDO PÁGINA DE COTAÇÕES INTERNACIONAIS ---
2026-06-25 11:38:54,263 - [ INFO ] - --- COLETANDO HISTÓRICO DE TENDÊNCIAS (DESDE 2023) ---
2026-06-25 11:38:55,083 - [ INFO ] - Sucesso! Relatório de preços gerado em: /home/runner/work/AGCO-Agri-Income/AGCO-Agri-Income/precos.html
2026-06-26 11:43:20,228 - [ INFO ] - --- INICIANDO WEB SCRAPING ---
2026-06-26 11:43:23,329 - [ INFO ] - Baixando: dashboardvbp202605.xlsx...
2026-06-26 11:43:27,118 - [ INFO ] - Baixando: 202605vbpbrasil.xlsx...
2026-06-26 11:43:29,811 - [ INFO ] - Baixando: 202604vbpbrasil.xlsx...
2026-06-26 11:43:31,760 - [ INFO ] - Baixando: 202603vbpbrasil.xlsx...
2026-06-26 11:43:33,702 - [ INFO ] - Baixando: 202602vbpbrasil.xlsx...
2026-06-26 11:43:35,621 - [ INFO ] - Baixando: 202601vbpbrasil.xlsx...
2026-06-26 11:43:37,374 - [ INFO ] - --- INICIANDO PROCESSAMENTO DE DADOS ---
2026-06-26 11:43:37,375 - [ WARNING ] - Nenhum arquivo encontrado com o padrão: *_volume_*.xls*
2026-06-26 11:43:37,375 - [ INFO ] - Lendo e empilhando planilha: tratado_vbp_202601vbpbrasil.xlsx (Versão: 2026 - 01)...
2026-06-26 11:43:37,597 - [ INFO ] - Lendo e empilhando planilha: tratado_vbp_202602vbpbrasil.xlsx (Versão: 2026 - 02)...
2026-06-26 11:43:37,663 - [ INFO ] - Lendo e empilhando planilha: tratado_vbp_202603vbpbrasil.xlsx (Versão: 2026 - 03)...
2026-06-26 11:43:37,730 - [ INFO ] - Lendo e empilhando planilha: tratado_vbp_202604vbpbrasil.xlsx (Versão: 2026 - 04)...
2026-06-26 11:43:37,829 - [ INFO ] - Lendo e empilhando planilha: tratado_vbp_202605vbpbrasil.xlsx (Versão: 2026 - 05)...
2026-06-26 11:43:37,897 - [ INFO ] - Lendo e empilhando planilha: tratado_vbp_dashboardvbp202605.xlsx (Versão: 2026 - 05)...
2026-06-26 11:43:40,094 - [ INFO ] - Consolidação salva: base_consolidada_06-2026.xlsx
2026-06-26 11:43:40,095 - [ INFO ] - --- GERANDO DASHBOARD VISUAL (HTML) ---
2026-06-26 11:43:40,156 - [ INFO ] - Montando painel com o histórico de versões até: 2026 - 05...
2026-06-26 11:43:40,231 - [ INFO ] - Sucesso! Relatório gerado em: /home/runner/work/AGCO-Agri-Income/AGCO-Agri-Income/index.html
2026-06-26 11:43:40,231 - [ INFO ] - --- GERANDO PÁGINA DE COTAÇÕES INTERNACIONAIS ---
2026-06-26 11:43:40,231 - [ INFO ] - --- COLETANDO HISTÓRICO DE TENDÊNCIAS (DESDE 2023) ---
2026-06-26 11:43:41,013 - [ INFO ] - Sucesso! Relatório de preços gerado em: /home/runner/work/AGCO-Agri-Income/AGCO-Agri-Income/precos.html
2026-06-29 13:04:31,289 - [ INFO ] - --- INICIANDO WEB SCRAPING ---
2026-06-29 13:04:33,898 - [ INFO ] - Baixando: dashboardvbp202605.xlsx...
2026-06-29 13:04:36,946 - [ INFO ] - Baixando: 202605vbpbrasil.xlsx...
2026-06-29 13:04:39,174 - [ INFO ] - Baixando: 202604vbpbrasil.xlsx...
2026-06-29 13:04:40,563 - [ INFO ] - Baixando: 202603vbpbrasil.xlsx...
2026-06-29 13:04:42,106 - [ INFO ] - Baixando: 202602vbpbrasil.xlsx...
2026-06-29 13:04:43,571 - [ INFO ] - Baixando: 202601vbpbrasil.xlsx...
2026-06-29 13:04:44,979 - [ INFO ] - --- INICIANDO PROCESSAMENTO DE DADOS ---
2026-06-29 13:04:44,979 - [ WARNING ] - Nenhum arquivo encontrado com o padrão: *_volume_*.xls*
2026-06-29 13:04:44,980 - [ INFO ] - Lendo e empilhando planilha: tratado_vbp_202601vbpbrasil.xlsx (Versão: 2026 - 01)...
2026-06-29 13:04:45,169 - [ INFO ] - Lendo e empilhando planilha: tratado_vbp_202602vbpbrasil.xlsx (Versão: 2026 - 02)...
2026-06-29 13:04:45,234 - [ INFO ] - Lendo e empilhando planilha: tratado_vbp_202603vbpbrasil.xlsx (Versão: 2026 - 03)...
2026-06-29 13:04:45,299 - [ INFO ] - Lendo e empilhando planilha: tratado_vbp_202604vbpbrasil.xlsx (Versão: 2026 - 04)...
2026-06-29 13:04:45,390 - [ INFO ] - Lendo e empilhando planilha: tratado_vbp_202605vbpbrasil.xlsx (Versão: 2026 - 05)...
2026-06-29 13:04:45,456 - [ INFO ] - Lendo e empilhando planilha: tratado_vbp_dashboardvbp202605.xlsx (Versão: 2026 - 05)...
2026-06-29 13:04:47,630 - [ INFO ] - Consolidação salva: base_consolidada_06-2026.xlsx
2026-06-29 13:04:47,630 - [ INFO ] - --- GERANDO DASHBOARD VISUAL (HTML) ---
2026-06-29 13:04:47,691 - [ INFO ] - Montando painel com o histórico de versões até: 2026 - 05...
2026-06-29 13:04:47,762 - [ INFO ] - Sucesso! Relatório gerado em: /home/runner/work/AGCO-Agri-Income/AGCO-Agri-Income/index.html
2026-06-29 13:04:47,763 - [ INFO ] - --- GERANDO PÁGINA DE COTAÇÕES INTERNACIONAIS ---
2026-06-29 13:04:47,763 - [ INFO ] - --- COLETANDO HISTÓRICO DE TENDÊNCIAS (DESDE 2023) ---
2026-06-29 13:04:48,945 - [ INFO ] - Sucesso! Relatório de preços gerado em: /home/runner/work/AGCO-Agri-Income/AGCO-Agri-Income/precos.html
2026-06-30 11:43:14,278 - [ INFO ] - --- INICIANDO WEB SCRAPING ---
2026-06-30 11:43:17,079 - [ INFO ] - Baixando: dashboardvbp202605.xlsx...
2026-06-30 11:43:20,361 - [ INFO ] - Baixando: 202605vbpbrasil.xlsx...
2026-06-30 11:43:22,495 - [ INFO ] - Baixando: 202604vbpbrasil.xlsx...
2026-06-30 11:43:23,881 - [ INFO ] - Baixando: 202603vbpbrasil.xlsx...
2026-06-30 11:43:25,332 - [ INFO ] - Baixando: 202602vbpbrasil.xlsx...
2026-06-30 11:43:26,851 - [ INFO ] - Baixando: 202601vbpbrasil.xlsx...
2026-06-30 11:43:28,367 - [ INFO ] - --- INICIANDO PROCESSAMENTO DE DADOS ---
2026-06-30 11:43:28,367 - [ WARNING ] - Nenhum arquivo encontrado com o padrão: *_volume_*.xls*
2026-06-30 11:43:28,368 - [ INFO ] - Lendo e empilhando planilha: tratado_vbp_202601vbpbrasil.xlsx (Versão: 2026 - 01)...
2026-06-30 11:43:28,578 - [ INFO ] - Lendo e empilhando planilha: tratado_vbp_202602vbpbrasil.xlsx (Versão: 2026 - 02)...
2026-06-30 11:43:28,645 - [ INFO ] - Lendo e empilhando planilha: tratado_vbp_202603vbpbrasil.xlsx (Versão: 2026 - 03)...
2026-06-30 11:43:28,711 - [ INFO ] - Lendo e empilhando planilha: tratado_vbp_202604vbpbrasil.xlsx (Versão: 2026 - 04)...
2026-06-30 11:43:28,808 - [ INFO ] - Lendo e empilhando planilha: tratado_vbp_202605vbpbrasil.xlsx (Versão: 2026 - 05)...
2026-06-30 11:43:28,875 - [ INFO ] - Lendo e empilhando planilha: tratado_vbp_dashboardvbp202605.xlsx (Versão: 2026 - 05)...
2026-06-30 11:43:31,089 - [ INFO ] - Consolidação salva: base_consolidada_06-2026.xlsx
2026-06-30 11:43:31,089 - [ INFO ] - --- GERANDO DASHBOARD VISUAL (HTML) ---
2026-06-30 11:43:31,150 - [ INFO ] - Montando painel com o histórico de versões até: 2026 - 05...
2026-06-30 11:43:31,223 - [ INFO ] - Sucesso! Relatório gerado em: /home/runner/work/AGCO-Agri-Income/AGCO-Agri-Income/index.html
2026-06-30 11:43:31,223 - [ INFO ] - --- GERANDO PÁGINA DE COTAÇÕES INTERNACIONAIS ---
2026-06-30 11:43:31,224 - [ INFO ] - --- COLETANDO HISTÓRICO DE TENDÊNCIAS (DESDE 2023) ---
2026-06-30 11:43:32,165 - [ INFO ] - Sucesso! Relatório de preços gerado em: /home/runner/work/AGCO-Agri-Income/AGCO-Agri-Income/precos.html
2026-07-01 11:58:21,449 - [ INFO ] - --- INICIANDO WEB SCRAPING ---
2026-07-01 11:58:22,605 - [ INFO ] - Baixando: dashboardvbp202605.xlsx...
2026-07-01 11:58:26,334 - [ INFO ] - Baixando: 202605vbpbrasil.xlsx...
2026-07-01 11:58:32,724 - [ INFO ] - Baixando: 202604vbpbrasil.xlsx...
2026-07-01 11:58:37,002 - [ INFO ] - Baixando: 202603vbpbrasil.xlsx...
2026-07-01 11:58:38,615 - [ INFO ] - Baixando: 202602vbpbrasil.xlsx...
2026-07-01 11:58:40,414 - [ INFO ] - Baixando: 202601vbpbrasil.xlsx...
2026-07-01 11:58:42,040 - [ INFO ] - --- INICIANDO PROCESSAMENTO DE DADOS ---
2026-07-01 11:58:42,040 - [ WARNING ] - Nenhum arquivo encontrado com o padrão: *_volume_*.xls*
2026-07-01 11:58:42,041 - [ INFO ] - Lendo e empilhando planilha: tratado_vbp_202601vbpbrasil.xlsx (Versão: 2026 - 01)...
2026-07-01 11:58:42,288 - [ INFO ] - Lendo e empilhando planilha: tratado_vbp_202602vbpbrasil.xlsx (Versão: 2026 - 02)...
2026-07-01 11:58:42,354 - [ INFO ] - Lendo e empilhando planilha: tratado_vbp_202603vbpbrasil.xlsx (Versão: 2026 - 03)...
2026-07-01 11:58:42,418 - [ INFO ] - Lendo e empilhando planilha: tratado_vbp_202604vbpbrasil.xlsx (Versão: 2026 - 04)...
2026-07-01 11:58:42,509 - [ INFO ] - Lendo e empilhando planilha: tratado_vbp_202605vbpbrasil.xlsx (Versão: 2026 - 05)...
2026-07-01 11:58:42,574 - [ INFO ] - Lendo e empilhando planilha: tratado_vbp_dashboardvbp202605.xlsx (Versão: 2026 - 05)...
2026-07-01 11:58:44,720 - [ INFO ] - Consolidação salva: base_consolidada_07-2026.xlsx
2026-07-01 11:58:44,721 - [ INFO ] - --- GERANDO DASHBOARD VISUAL (HTML) ---
2026-07-01 11:58:44,779 - [ INFO ] - Montando painel com o histórico de versões até: 2026 - 05...
2026-07-01 11:58:44,849 - [ INFO ] - Sucesso! Relatório gerado em: /home/runner/work/AGCO-Agri-Income/AGCO-Agri-Income/index.html
2026-07-01 11:58:44,849 - [ INFO ] - --- GERANDO PÁGINA DE COTAÇÕES INTERNACIONAIS ---
2026-07-01 11:58:44,849 - [ INFO ] - --- COLETANDO HISTÓRICO DE TENDÊNCIAS (DESDE 2023) ---
2026-07-01 11:58:46,460 - [ INFO ] - Sucesso! Relatório de preços gerado em: /home/runner/work/AGCO-Agri-Income/AGCO-Agri-Income/precos.html
2026-07-02 11:31:43,761 - [ INFO ] - --- INICIANDO WEB SCRAPING ---
2026-07-02 11:31:44,997 - [ INFO ] - Baixando: dashboardvbp202605.xlsx...
2026-07-02 11:31:49,158 - [ INFO ] - Baixando: 202605vbpbrasil.xlsx...
2026-07-02 11:31:52,041 - [ INFO ] - Baixando: 202604vbpbrasil.xlsx...
2026-07-02 11:31:53,974 - [ INFO ] - Baixando: 202603vbpbrasil.xlsx...
2026-07-02 11:31:55,740 - [ INFO ] - Baixando: 202602vbpbrasil.xlsx...
2026-07-02 11:31:57,514 - [ INFO ] - Baixando: 202601vbpbrasil.xlsx...
2026-07-02 11:31:59,500 - [ INFO ] - --- INICIANDO PROCESSAMENTO DE DADOS ---
2026-07-02 11:31:59,500 - [ WARNING ] - Nenhum arquivo encontrado com o padrão: *_volume_*.xls*
2026-07-02 11:31:59,501 - [ INFO ] - Lendo e empilhando planilha: tratado_vbp_202601vbpbrasil.xlsx (Versão: 2026 - 01)...
2026-07-02 11:31:59,716 - [ INFO ] - Lendo e empilhando planilha: tratado_vbp_202602vbpbrasil.xlsx (Versão: 2026 - 02)...
2026-07-02 11:31:59,781 - [ INFO ] - Lendo e empilhando planilha: tratado_vbp_202603vbpbrasil.xlsx (Versão: 2026 - 03)...
2026-07-02 11:31:59,845 - [ INFO ] - Lendo e empilhando planilha: tratado_vbp_202604vbpbrasil.xlsx (Versão: 2026 - 04)...
2026-07-02 11:31:59,933 - [ INFO ] - Lendo e empilhando planilha: tratado_vbp_202605vbpbrasil.xlsx (Versão: 2026 - 05)...
2026-07-02 11:31:59,998 - [ INFO ] - Lendo e empilhando planilha: tratado_vbp_dashboardvbp202605.xlsx (Versão: 2026 - 05)...
2026-07-02 11:32:02,219 - [ INFO ] - Consolidação salva: base_consolidada_07-2026.xlsx
2026-07-02 11:32:02,219 - [ INFO ] - --- GERANDO DASHBOARD VISUAL (HTML) ---
2026-07-02 11:32:02,279 - [ INFO ] - Montando painel com o histórico de versões até: 2026 - 05...
2026-07-02 11:32:02,349 - [ INFO ] - Sucesso! Relatório gerado em: /home/runner/work/AGCO-Agri-Income/AGCO-Agri-Income/index.html
2026-07-02 11:32:02,349 - [ INFO ] - --- GERANDO PÁGINA DE COTAÇÕES INTERNACIONAIS ---
2026-07-02 11:32:02,350 - [ INFO ] - --- COLETANDO HISTÓRICO DE TENDÊNCIAS (DESDE 2023) ---
2026-07-02 11:32:03,140 - [ INFO ] - Sucesso! Relatório de preços gerado em: /home/runner/work/AGCO-Agri-Income/AGCO-Agri-Income/precos.html
2026-07-03 11:29:34,334 - [ INFO ] - --- INICIANDO WEB SCRAPING ---
2026-07-03 11:29:35,680 - [ INFO ] - --- GERANDO PÁGINA DE COTAÇÕES INTERNACIONAIS ---
2026-07-03 11:29:35,681 - [ INFO ] - --- COLETANDO HISTÓRICO DE TENDÊNCIAS (DESDE 2023) ---
2026-07-03 11:29:36,531 - [ INFO ] - Sucesso! Relatório de preços gerado em: /home/runner/work/AGCO-Agri-Income/AGCO-Agri-Income/precos.html
2026-07-06 12:43:13,995 - [ INFO ] - --- INICIANDO WEB SCRAPING ---
2026-07-06 12:43:15,085 - [ INFO ] - --- GERANDO PÁGINA DE COTAÇÕES INTERNACIONAIS ---
2026-07-06 12:43:15,086 - [ INFO ] - --- COLETANDO HISTÓRICO DE TENDÊNCIAS (DESDE 2023) ---
2026-07-06 12:43:15,837 - [ INFO ] - Sucesso! Relatório de preços gerado em: /home/runner/work/AGCO-Agri-Income/AGCO-Agri-Income/precos.html
2026-07-07 11:45:01,700 - [ INFO ] - --- INICIANDO WEB SCRAPING ---
2026-07-07 11:45:02,933 - [ INFO ] - --- GERANDO PÁGINA DE COTAÇÕES INTERNACIONAIS ---
2026-07-07 11:45:02,933 - [ INFO ] - --- COLETANDO HISTÓRICO DE TENDÊNCIAS (DESDE 2023) ---
2026-07-07 11:45:03,822 - [ INFO ] - Sucesso! Relatório de preços gerado em: /home/runner/work/AGCO-Agri-Income/AGCO-Agri-Income/precos.html
2026-07-08 11:01:26,586 - [ INFO ] - --- INICIANDO WEB SCRAPING ---
2026-07-08 11:01:29,548 - [ INFO ] - Baixando: dashboardvbp202605.xlsx...
2026-07-08 11:01:32,149 - [ INFO ] - Baixando: 202605vbpbrasil.xlsx...
2026-07-08 11:01:34,306 - [ INFO ] - Baixando: 202604vbpbrasil.xlsx...
2026-07-08 11:01:35,450 - [ INFO ] - Baixando: 202603vbpbrasil.xlsx...
2026-07-08 11:01:36,824 - [ INFO ] - Baixando: 202602vbpbrasil.xlsx...
2026-07-08 11:01:38,186 - [ INFO ] - Baixando: 202601vbpbrasil.xlsx...
2026-07-08 11:01:39,421 - [ INFO ] - --- INICIANDO PROCESSAMENTO DE DADOS ---
2026-07-08 11:01:39,421 - [ WARNING ] - Nenhum arquivo encontrado com o padrão: *_volume_*.xls*
2026-07-08 11:01:39,422 - [ INFO ] - Lendo e empilhando planilha: tratado_vbp_202601vbpbrasil.xlsx (Versão: 2026 - 01)...
2026-07-08 11:01:39,574 - [ INFO ] - Lendo e empilhando planilha: tratado_vbp_202602vbpbrasil.xlsx (Versão: 2026 - 02)...
2026-07-08 11:01:39,622 - [ INFO ] - Lendo e empilhando planilha: tratado_vbp_202603vbpbrasil.xlsx (Versão: 2026 - 03)...
2026-07-08 11:01:39,670 - [ INFO ] - Lendo e empilhando planilha: tratado_vbp_202604vbpbrasil.xlsx (Versão: 2026 - 04)...
2026-07-08 11:01:39,719 - [ INFO ] - Lendo e empilhando planilha: tratado_vbp_202605vbpbrasil.xlsx (Versão: 2026 - 05)...
2026-07-08 11:01:39,789 - [ INFO ] - Lendo e empilhando planilha: tratado_vbp_dashboardvbp202605.xlsx (Versão: 2026 - 05)...
2026-07-08 11:01:41,062 - [ INFO ] - Consolidação salva: base_consolidada_07-2026.xlsx
2026-07-08 11:01:41,062 - [ INFO ] - --- GERANDO DASHBOARD VISUAL (HTML) ---
2026-07-08 11:01:41,105 - [ INFO ] - Montando painel com o histórico de versões até: 2026 - 05...
2026-07-08 11:01:41,156 - [ INFO ] - Sucesso! Relatório gerado em: /home/runner/work/AGCO-Agri-Income/AGCO-Agri-Income/index.html
2026-07-08 11:01:41,157 - [ INFO ] - --- GERANDO PÁGINA DE COTAÇÕES INTERNACIONAIS ---
2026-07-08 11:01:41,157 - [ INFO ] - --- COLETANDO HISTÓRICO DE TENDÊNCIAS (DESDE 2023) ---
2026-07-08 11:01:42,597 - [ INFO ] - Sucesso! Relatório de preços gerado em: /home/runner/work/AGCO-Agri-Income/AGCO-Agri-Income/precos.html
2026-07-09 11:53:51,701 - [ INFO ] - --- INICIANDO WEB SCRAPING ---
2026-07-09 11:54:12,071 - [ ERROR ] - Falha de conexão com o site: HTTPSConnectionPool(host='www.gov.br', port=443): Max retries exceeded with url: /agricultura/pt-br/assuntos/politica-agricola/valor-bruto-da-producao-agropecuaria-vbp (Caused by NewConnectionError("HTTPSConnection(host='www.gov.br', port=443): Failed to establish a new connection: [Errno 101] Network is unreachable"))
2026-07-09 11:54:12,071 - [ INFO ] - --- GERANDO PÁGINA DE COTAÇÕES INTERNACIONAIS ---
2026-07-09 11:54:12,071 - [ INFO ] - --- COLETANDO HISTÓRICO DE TENDÊNCIAS (DESDE 2023) ---
2026-07-09 11:54:12,918 - [ INFO ] - Sucesso! Relatório de preços gerado em: /home/runner/work/AGCO-Agri-Income/AGCO-Agri-Income/precos.html
2026-07-10 11:48:10,190 - [ INFO ] - --- INICIANDO WEB SCRAPING ---
2026-07-10 11:48:30,447 - [ ERROR ] - Falha de conexão com o site: HTTPSConnectionPool(host='www.gov.br', port=443): Max retries exceeded with url: /agricultura/pt-br/assuntos/politica-agricola/valor-bruto-da-producao-agropecuaria-vbp (Caused by NewConnectionError("HTTPSConnection(host='www.gov.br', port=443): Failed to establish a new connection: [Errno 101] Network is unreachable"))
2026-07-10 11:48:30,447 - [ INFO ] - --- GERANDO PÁGINA DE COTAÇÕES INTERNACIONAIS ---
2026-07-10 11:48:30,447 - [ INFO ] - --- COLETANDO HISTÓRICO DE TENDÊNCIAS (DESDE 2023) ---
2026-07-10 11:48:31,230 - [ INFO ] - Sucesso! Relatório de preços gerado em: /home/runner/work/AGCO-Agri-Income/AGCO-Agri-Income/precos.html
2026-07-13 11:57:58,952 - [ INFO ] - --- INICIANDO WEB SCRAPING ---
2026-07-13 11:58:00,204 - [ INFO ] - Baixando: dashboardvbp202605.xlsx...
2026-07-13 11:58:03,765 - [ INFO ] - Baixando: 202605vbpbrasil.xlsx...
2026-07-13 11:58:06,908 - [ INFO ] - Baixando: 202604vbpbrasil.xlsx...
2026-07-13 11:58:08,736 - [ INFO ] - Baixando: 202603vbpbrasil.xlsx...
2026-07-13 11:58:10,531 - [ INFO ] - Baixando: 202602vbpbrasil.xlsx...
2026-07-13 11:58:12,316 - [ INFO ] - Baixando: 202601vbpbrasil.xlsx...
2026-07-13 11:58:14,113 - [ INFO ] - --- INICIANDO PROCESSAMENTO DE DADOS ---
2026-07-13 11:58:14,113 - [ WARNING ] - Nenhum arquivo encontrado com o padrão: *_volume_*.xls*
2026-07-13 11:58:14,114 - [ INFO ] - Lendo e empilhando planilha: tratado_vbp_202601vbpbrasil.xlsx (Versão: 2026 - 01)...
2026-07-13 11:58:14,308 - [ INFO ] - Lendo e empilhando planilha: tratado_vbp_202602vbpbrasil.xlsx (Versão: 2026 - 02)...
2026-07-13 11:58:14,378 - [ INFO ] - Lendo e empilhando planilha: tratado_vbp_202603vbpbrasil.xlsx (Versão: 2026 - 03)...
2026-07-13 11:58:14,449 - [ INFO ] - Lendo e empilhando planilha: tratado_vbp_202604vbpbrasil.xlsx (Versão: 2026 - 04)...
2026-07-13 11:58:14,518 - [ INFO ] - Lendo e empilhando planilha: tratado_vbp_202605vbpbrasil.xlsx (Versão: 2026 - 05)...
2026-07-13 11:58:14,612 - [ INFO ] - Lendo e empilhando planilha: tratado_vbp_dashboardvbp202605.xlsx (Versão: 2026 - 05)...
2026-07-13 11:58:16,809 - [ INFO ] - Consolidação salva: base_consolidada_07-2026.xlsx
2026-07-13 11:58:16,809 - [ INFO ] - --- GERANDO DASHBOARD VISUAL (HTML) ---
2026-07-13 11:58:16,870 - [ INFO ] - Montando painel com o histórico de versões até: 2026 - 05...
2026-07-13 11:58:16,943 - [ INFO ] - Sucesso! Relatório gerado em: /home/runner/work/AGCO-Agri-Income/AGCO-Agri-Income/index.html
2026-07-13 11:58:16,943 - [ INFO ] - --- GERANDO PÁGINA DE COTAÇÕES INTERNACIONAIS ---
2026-07-13 11:58:16,943 - [ INFO ] - --- COLETANDO HISTÓRICO DE TENDÊNCIAS (DESDE 2023) ---
2026-07-13 11:58:17,938 - [ INFO ] - Sucesso! Relatório de preços gerado em: /home/runner/work/AGCO-Agri-Income/AGCO-Agri-Income/precos.html
2026-07-14 10:42:02,333 - [ INFO ] - --- INICIANDO WEB SCRAPING ---
2026-07-14 10:42:04,763 - [ INFO ] - Baixando: dashboardvbp202605.xlsx...
2026-07-14 10:42:07,402 - [ INFO ] - Baixando: 202605vbpbrasil.xlsx...
2026-07-14 10:42:09,431 - [ INFO ] - Baixando: 202604vbpbrasil.xlsx...
2026-07-14 10:42:10,671 - [ INFO ] - Baixando: 202603vbpbrasil.xlsx...
2026-07-14 10:42:11,923 - [ INFO ] - Baixando: 202602vbpbrasil.xlsx...
2026-07-14 10:42:13,196 - [ INFO ] - Baixando: 202601vbpbrasil.xlsx...
2026-07-14 10:42:14,443 - [ INFO ] - --- INICIANDO PROCESSAMENTO DE DADOS ---
2026-07-14 10:42:14,444 - [ WARNING ] - Nenhum arquivo encontrado com o padrão: *_volume_*.xls*
2026-07-14 10:42:14,444 - [ INFO ] - Lendo e empilhando planilha: tratado_vbp_202601vbpbrasil.xlsx (Versão: 2026 - 01)...
2026-07-14 10:42:14,653 - [ INFO ] - Lendo e empilhando planilha: tratado_vbp_202602vbpbrasil.xlsx (Versão: 2026 - 02)...
2026-07-14 10:42:14,714 - [ INFO ] - Lendo e empilhando planilha: tratado_vbp_202603vbpbrasil.xlsx (Versão: 2026 - 03)...
2026-07-14 10:42:14,776 - [ INFO ] - Lendo e empilhando planilha: tratado_vbp_202604vbpbrasil.xlsx (Versão: 2026 - 04)...
2026-07-14 10:42:14,838 - [ INFO ] - Lendo e empilhando planilha: tratado_vbp_202605vbpbrasil.xlsx (Versão: 2026 - 05)...
2026-07-14 10:42:14,930 - [ INFO ] - Lendo e empilhando planilha: tratado_vbp_dashboardvbp202605.xlsx (Versão: 2026 - 05)...
2026-07-14 10:42:16,620 - [ INFO ] - Consolidação salva: base_consolidada_07-2026.xlsx
2026-07-14 10:42:16,621 - [ INFO ] - --- GERANDO DASHBOARD VISUAL (HTML) ---
2026-07-14 10:42:16,675 - [ INFO ] - Montando painel com o histórico de versões até: 2026 - 05...
2026-07-14 10:42:16,742 - [ INFO ] - Sucesso! Relatório gerado em: /home/runner/work/AGCO-Agri-Income/AGCO-Agri-Income/index.html
2026-07-14 10:42:16,742 - [ INFO ] - --- GERANDO PÁGINA DE COTAÇÕES INTERNACIONAIS ---
2026-07-14 10:42:16,742 - [ INFO ] - --- COLETANDO HISTÓRICO DE TENDÊNCIAS (DESDE 2023) ---
2026-07-14 10:42:17,504 - [ INFO ] - Sucesso! Relatório de preços gerado em: /home/runner/work/AGCO-Agri-Income/AGCO-Agri-Income/precos.html
2026-07-15 10:45:54,184 - [ INFO ] - --- INICIANDO WEB SCRAPING ---
2026-07-15 10:45:57,952 - [ INFO ] - Baixando: dashboardvbp202606.xlsx...
2026-07-15 10:46:01,822 - [ INFO ] - Baixando: copy_of_202606vbpbrasil.xlsx...
2026-07-15 10:46:04,749 - [ INFO ] - Baixando: 202605vbpbrasil.xlsx...
2026-07-15 10:46:06,530 - [ INFO ] - Baixando: 202604vbpbrasil.xlsx...
2026-07-15 10:46:08,312 - [ INFO ] - Baixando: 202603vbpbrasil.xlsx...
2026-07-15 10:46:10,081 - [ INFO ] - Baixando: 202602vbpbrasil.xlsx...
2026-07-15 10:46:12,133 - [ INFO ] - Baixando: 202601vbpbrasil.xlsx...
2026-07-15 10:46:13,915 - [ INFO ] - --- INICIANDO PROCESSAMENTO DE DADOS ---
2026-07-15 10:46:13,915 - [ WARNING ] - Nenhum arquivo encontrado com o padrão: *_volume_*.xls*
2026-07-15 10:46:13,916 - [ INFO ] - Lendo e empilhando planilha: tratado_vbp_202601vbpbrasil.xlsx (Versão: 2026 - 01)...
2026-07-15 10:46:14,173 - [ INFO ] - Lendo e empilhando planilha: tratado_vbp_202602vbpbrasil.xlsx (Versão: 2026 - 02)...
2026-07-15 10:46:14,239 - [ INFO ] - Lendo e empilhando planilha: tratado_vbp_202603vbpbrasil.xlsx (Versão: 2026 - 03)...
2026-07-15 10:46:14,305 - [ INFO ] - Lendo e empilhando planilha: tratado_vbp_202604vbpbrasil.xlsx (Versão: 2026 - 04)...
2026-07-15 10:46:14,371 - [ INFO ] - Lendo e empilhando planilha: tratado_vbp_202605vbpbrasil.xlsx (Versão: 2026 - 05)...
2026-07-15 10:46:14,464 - [ INFO ] - Lendo e empilhando planilha: tratado_vbp_copy_of_202606vbpbrasil.xlsx (Versão: 2026 - 06)...
2026-07-15 10:46:14,530 - [ INFO ] - Lendo e empilhando planilha: tratado_vbp_dashboardvbp202606.xlsx (Versão: 2026 - 06)...
2026-07-15 10:46:16,734 - [ INFO ] - Consolidação salva: base_consolidada_07-2026.xlsx
2026-07-15 10:46:16,734 - [ INFO ] - --- GERANDO DASHBOARD VISUAL (HTML) ---
2026-07-15 10:46:16,805 - [ INFO ] - Montando painel com o histórico de versões até: 2026 - 06...
2026-07-15 10:46:16,881 - [ INFO ] - Sucesso! Relatório gerado em: /home/runner/work/AGCO-Agri-Income/AGCO-Agri-Income/index.html
2026-07-15 10:46:16,882 - [ INFO ] - --- GERANDO PÁGINA DE COTAÇÕES INTERNACIONAIS ---
2026-07-15 10:46:16,882 - [ INFO ] - --- COLETANDO HISTÓRICO DE TENDÊNCIAS (DESDE 2023) ---
2026-07-15 10:46:18,745 - [ INFO ] - Sucesso! Relatório de preços gerado em: /home/runner/work/AGCO-Agri-Income/AGCO-Agri-Income/precos.html
2026-07-16 10:55:42,447 - [ INFO ] - --- INICIANDO WEB SCRAPING ---
2026-07-16 10:55:45,431 - [ INFO ] - Baixando: dashboardvbp202606.xlsx...
2026-07-16 10:55:48,969 - [ INFO ] - Baixando: copy_of_202606vbpbrasil.xlsx...
2026-07-16 10:55:51,569 - [ INFO ] - Baixando: 202605vbpbrasil.xlsx...
2026-07-16 10:55:53,253 - [ INFO ] - Baixando: 202604vbpbrasil.xlsx...
2026-07-16 10:55:54,952 - [ INFO ] - Baixando: 202603vbpbrasil.xlsx...
2026-07-16 10:55:56,646 - [ INFO ] - Baixando: 202602vbpbrasil.xlsx...
2026-07-16 10:55:58,332 - [ INFO ] - Baixando: 202601vbpbrasil.xlsx...
2026-07-16 10:56:00,026 - [ INFO ] - --- INICIANDO PROCESSAMENTO DE DADOS ---
2026-07-16 10:56:00,026 - [ WARNING ] - Nenhum arquivo encontrado com o padrão: *_volume_*.xls*
2026-07-16 10:56:00,027 - [ INFO ] - Lendo e empilhando planilha: tratado_vbp_202601vbpbrasil.xlsx (Versão: 2026 - 01)...
2026-07-16 10:56:00,232 - [ INFO ] - Lendo e empilhando planilha: tratado_vbp_202602vbpbrasil.xlsx (Versão: 2026 - 02)...
2026-07-16 10:56:00,294 - [ INFO ] - Lendo e empilhando planilha: tratado_vbp_202603vbpbrasil.xlsx (Versão: 2026 - 03)...
2026-07-16 10:56:00,356 - [ INFO ] - Lendo e empilhando planilha: tratado_vbp_202604vbpbrasil.xlsx (Versão: 2026 - 04)...
2026-07-16 10:56:00,417 - [ INFO ] - Lendo e empilhando planilha: tratado_vbp_202605vbpbrasil.xlsx (Versão: 2026 - 05)...
2026-07-16 10:56:00,514 - [ INFO ] - Lendo e empilhando planilha: tratado_vbp_copy_of_202606vbpbrasil.xlsx (Versão: 2026 - 06)...
2026-07-16 10:56:00,577 - [ INFO ] - Lendo e empilhando planilha: tratado_vbp_dashboardvbp202606.xlsx (Versão: 2026 - 06)...
2026-07-16 10:56:02,314 - [ INFO ] - Consolidação salva: base_consolidada_07-2026.xlsx
2026-07-16 10:56:02,315 - [ INFO ] - --- GERANDO DASHBOARD VISUAL (HTML) ---
2026-07-16 10:56:02,377 - [ INFO ] - Montando painel com o histórico de versões até: 2026 - 06...
2026-07-16 10:56:02,446 - [ INFO ] - Sucesso! Relatório gerado em: /home/runner/work/AGCO-Agri-Income/AGCO-Agri-Income/index.html
2026-07-16 10:56:02,446 - [ INFO ] - --- GERANDO PÁGINA DE COTAÇÕES INTERNACIONAIS ---
2026-07-16 10:56:02,446 - [ INFO ] - --- COLETANDO HISTÓRICO DE TENDÊNCIAS (DESDE 2023) ---
2026-07-16 10:56:04,788 - [ INFO ] - Sucesso! Relatório de preços gerado em: /home/runner/work/AGCO-Agri-Income/AGCO-Agri-Income/precos.html
2026-07-17 10:43:50,515 - [ INFO ] - --- INICIANDO WEB SCRAPING ---
2026-07-17 10:43:53,360 - [ INFO ] - Baixando: dashboardvbp202606.xlsx...
2026-07-17 10:43:56,950 - [ INFO ] - Baixando: copy_of_202606vbpbrasil.xlsx...
2026-07-17 10:43:59,746 - [ INFO ] - Baixando: 202605vbpbrasil.xlsx...
2026-07-17 10:44:01,418 - [ INFO ] - Baixando: 202604vbpbrasil.xlsx...
2026-07-17 10:44:02,927 - [ INFO ] - Baixando: 202603vbpbrasil.xlsx...
2026-07-17 10:44:04,595 - [ INFO ] - Baixando: 202602vbpbrasil.xlsx...
2026-07-17 10:44:06,261 - [ INFO ] - Baixando: 202601vbpbrasil.xlsx...
2026-07-17 10:44:08,095 - [ INFO ] - --- INICIANDO PROCESSAMENTO DE DADOS ---
2026-07-17 10:44:08,095 - [ WARNING ] - Nenhum arquivo encontrado com o padrão: *_volume_*.xls*
2026-07-17 10:44:08,096 - [ INFO ] - Lendo e empilhando planilha: tratado_vbp_202601vbpbrasil.xlsx (Versão: 2026 - 01)...
2026-07-17 10:44:08,366 - [ INFO ] - Lendo e empilhando planilha: tratado_vbp_202602vbpbrasil.xlsx (Versão: 2026 - 02)...
2026-07-17 10:44:08,406 - [ INFO ] - Lendo e empilhando planilha: tratado_vbp_202603vbpbrasil.xlsx (Versão: 2026 - 03)...
2026-07-17 10:44:08,445 - [ INFO ] - Lendo e empilhando planilha: tratado_vbp_202604vbpbrasil.xlsx (Versão: 2026 - 04)...
2026-07-17 10:44:08,485 - [ INFO ] - Lendo e empilhando planilha: tratado_vbp_202605vbpbrasil.xlsx (Versão: 2026 - 05)...
2026-07-17 10:44:08,547 - [ INFO ] - Lendo e empilhando planilha: tratado_vbp_copy_of_202606vbpbrasil.xlsx (Versão: 2026 - 06)...
2026-07-17 10:44:08,586 - [ INFO ] - Lendo e empilhando planilha: tratado_vbp_dashboardvbp202606.xlsx (Versão: 2026 - 06)...
2026-07-17 10:44:09,703 - [ INFO ] - Consolidação salva: base_consolidada_07-2026.xlsx
2026-07-17 10:44:09,704 - [ INFO ] - --- GERANDO DASHBOARD VISUAL (HTML) ---
2026-07-17 10:44:09,744 - [ INFO ] - Montando painel com o histórico de versões até: 2026 - 06...
2026-07-17 10:44:09,790 - [ INFO ] - Sucesso! Relatório gerado em: /home/runner/work/AGCO-Agri-Income/AGCO-Agri-Income/index.html
2026-07-17 10:44:09,790 - [ INFO ] - --- GERANDO PÁGINA DE COTAÇÕES INTERNACIONAIS ---
2026-07-17 10:44:09,790 - [ INFO ] - --- COLETANDO HISTÓRICO DE TENDÊNCIAS (DESDE 2023) ---
2026-07-17 10:44:12,395 - [ INFO ] - Sucesso! Relatório de preços gerado em: /home/runner/work/AGCO-Agri-Income/AGCO-Agri-Income/precos.html
2026-07-20 11:41:39,508 - [ INFO ] - --- INICIANDO WEB SCRAPING ---
2026-07-20 11:41:59,761 - [ ERROR ] - Falha de conexão com o site: HTTPSConnectionPool(host='www.gov.br', port=443): Max retries exceeded with url: /agricultura/pt-br/assuntos/politica-agricola/valor-bruto-da-producao-agropecuaria-vbp (Caused by NewConnectionError("HTTPSConnection(host='www.gov.br', port=443): Failed to establish a new connection: [Errno 101] Network is unreachable"))
2026-07-20 11:41:59,761 - [ INFO ] - --- GERANDO PÁGINA DE COTAÇÕES INTERNACIONAIS ---
2026-07-20 11:41:59,761 - [ INFO ] - --- COLETANDO HISTÓRICO DE TENDÊNCIAS (DESDE 2023) ---
2026-07-20 11:42:00,491 - [ INFO ] - Sucesso! Relatório de preços gerado em: /home/runner/work/AGCO-Agri-Income/AGCO-Agri-Income/precos.html
2026-07-21 11:04:38,058 - [ INFO ] - --- INICIANDO WEB SCRAPING ---
2026-07-21 11:04:40,726 - [ INFO ] - Baixando: dashboardvbp202606.xlsx...
2026-07-21 11:04:43,892 - [ INFO ] - Baixando: copy_of_202606vbpbrasil.xlsx...
2026-07-21 11:04:46,899 - [ INFO ] - Baixando: 202605vbpbrasil.xlsx...
2026-07-21 11:04:48,506 - [ INFO ] - Baixando: 202604vbpbrasil.xlsx...
2026-07-21 11:04:50,163 - [ INFO ] - Baixando: 202603vbpbrasil.xlsx...
2026-07-21 11:04:51,941 - [ INFO ] - Baixando: 202602vbpbrasil.xlsx...
2026-07-21 11:04:53,587 - [ INFO ] - Baixando: 202601vbpbrasil.xlsx...
2026-07-21 11:04:55,225 - [ INFO ] - --- INICIANDO PROCESSAMENTO DE DADOS ---
2026-07-21 11:04:55,226 - [ WARNING ] - Nenhum arquivo encontrado com o padrão: *_volume_*.xls*
2026-07-21 11:04:55,226 - [ INFO ] - Lendo e empilhando planilha: tratado_vbp_202601vbpbrasil.xlsx (Versão: 2026 - 01)...
2026-07-21 11:04:55,407 - [ INFO ] - Lendo e empilhando planilha: tratado_vbp_202602vbpbrasil.xlsx (Versão: 2026 - 02)...
2026-07-21 11:04:55,455 - [ INFO ] - Lendo e empilhando planilha: tratado_vbp_202603vbpbrasil.xlsx (Versão: 2026 - 03)...
2026-07-21 11:04:55,502 - [ INFO ] - Lendo e empilhando planilha: tratado_vbp_202604vbpbrasil.xlsx (Versão: 2026 - 04)...
2026-07-21 11:04:55,549 - [ INFO ] - Lendo e empilhando planilha: tratado_vbp_202605vbpbrasil.xlsx (Versão: 2026 - 05)...
2026-07-21 11:04:55,623 - [ INFO ] - Lendo e empilhando planilha: tratado_vbp_copy_of_202606vbpbrasil.xlsx (Versão: 2026 - 06)...
2026-07-21 11:04:55,671 - [ INFO ] - Lendo e empilhando planilha: tratado_vbp_dashboardvbp202606.xlsx (Versão: 2026 - 06)...
2026-07-21 11:04:56,957 - [ INFO ] - Consolidação salva: base_consolidada_07-2026.xlsx
2026-07-21 11:04:56,957 - [ INFO ] - --- GERANDO DASHBOARD VISUAL (HTML) ---
2026-07-21 11:04:57,007 - [ INFO ] - Montando painel com o histórico de versões até: 2026 - 06...
2026-07-21 11:04:57,061 - [ INFO ] - Sucesso! Relatório gerado em: /home/runner/work/AGCO-Agri-Income/AGCO-Agri-Income/index.html
2026-07-21 11:04:57,062 - [ INFO ] - --- GERANDO PÁGINA DE COTAÇÕES INTERNACIONAIS ---
2026-07-21 11:04:57,062 - [ INFO ] - --- COLETANDO HISTÓRICO DE TENDÊNCIAS (DESDE 2023) ---
2026-07-21 11:04:59,009 - [ INFO ] - Sucesso! Relatório de preços gerado em: /home/runner/work/AGCO-Agri-Income/AGCO-Agri-Income/precos.html
2026-07-22 11:05:47,592 - [ INFO ] - --- INICIANDO WEB SCRAPING ---
2026-07-22 11:05:48,711 - [ INFO ] - Baixando: dashboardvbp202606.xlsx...
2026-07-22 11:05:52,057 - [ INFO ] - Baixando: copy_of_202606vbpbrasil.xlsx...
2026-07-22 11:05:54,401 - [ INFO ] - Baixando: 202605vbpbrasil.xlsx...
2026-07-22 11:05:56,010 - [ INFO ] - Baixando: 202604vbpbrasil.xlsx...
2026-07-22 11:05:57,633 - [ INFO ] - Baixando: 202603vbpbrasil.xlsx...
2026-07-22 11:05:59,234 - [ INFO ] - Baixando: 202602vbpbrasil.xlsx...
2026-07-22 11:06:00,844 - [ INFO ] - Baixando: 202601vbpbrasil.xlsx...
2026-07-22 11:06:02,667 - [ INFO ] - --- INICIANDO PROCESSAMENTO DE DADOS ---
2026-07-22 11:06:02,667 - [ WARNING ] - Nenhum arquivo encontrado com o padrão: *_volume_*.xls*
2026-07-22 11:06:02,668 - [ INFO ] - Lendo e empilhando planilha: tratado_vbp_202601vbpbrasil.xlsx (Versão: 2026 - 01)...
2026-07-22 11:06:02,882 - [ INFO ] - Lendo e empilhando planilha: tratado_vbp_202602vbpbrasil.xlsx (Versão: 2026 - 02)...
2026-07-22 11:06:02,943 - [ INFO ] - Lendo e empilhando planilha: tratado_vbp_202603vbpbrasil.xlsx (Versão: 2026 - 03)...
2026-07-22 11:06:03,005 - [ INFO ] - Lendo e empilhando planilha: tratado_vbp_202604vbpbrasil.xlsx (Versão: 2026 - 04)...
2026-07-22 11:06:03,066 - [ INFO ] - Lendo e empilhando planilha: tratado_vbp_202605vbpbrasil.xlsx (Versão: 2026 - 05)...
2026-07-22 11:06:03,152 - [ INFO ] - Lendo e empilhando planilha: tratado_vbp_copy_of_202606vbpbrasil.xlsx (Versão: 2026 - 06)...
2026-07-22 11:06:03,213 - [ INFO ] - Lendo e empilhando planilha: tratado_vbp_dashboardvbp202606.xlsx (Versão: 2026 - 06)...
2026-07-22 11:06:04,873 - [ INFO ] - Consolidação salva: base_consolidada_07-2026.xlsx
2026-07-22 11:06:04,874 - [ INFO ] - --- GERANDO DASHBOARD VISUAL (HTML) ---
2026-07-22 11:06:04,938 - [ INFO ] - Montando painel com o histórico de versões até: 2026 - 06...
2026-07-22 11:06:05,005 - [ INFO ] - Sucesso! Relatório gerado em: /home/runner/work/AGCO-Agri-Income/AGCO-Agri-Income/index.html
2026-07-22 11:06:05,006 - [ INFO ] - --- GERANDO PÁGINA DE COTAÇÕES INTERNACIONAIS ---
2026-07-22 11:06:05,006 - [ INFO ] - --- COLETANDO HISTÓRICO DE TENDÊNCIAS (DESDE 2023) ---
2026-07-22 11:06:06,938 - [ INFO ] - Sucesso! Relatório de preços gerado em: /home/runner/work/AGCO-Agri-Income/AGCO-Agri-Income/precos.html
2026-07-23 11:06:38,129 - [ INFO ] - --- INICIANDO WEB SCRAPING ---
2026-07-23 11:06:38,875 - [ INFO ] - Baixando: dashboardvbp202606.xlsx...
2026-07-23 11:06:42,102 - [ INFO ] - Baixando: copy_of_202606vbpbrasil.xlsx...
2026-07-23 11:06:44,583 - [ INFO ] - Baixando: 202605vbpbrasil.xlsx...
2026-07-23 11:06:46,016 - [ INFO ] - Baixando: 202604vbpbrasil.xlsx...
2026-07-23 11:06:47,569 - [ INFO ] - Baixando: 202603vbpbrasil.xlsx...
2026-07-23 11:06:49,133 - [ INFO ] - Baixando: 202602vbpbrasil.xlsx...
2026-07-23 11:06:50,544 - [ INFO ] - Baixando: 202601vbpbrasil.xlsx...
2026-07-23 11:06:51,943 - [ INFO ] - --- INICIANDO PROCESSAMENTO DE DADOS ---
2026-07-23 11:06:51,943 - [ WARNING ] - Nenhum arquivo encontrado com o padrão: *_volume_*.xls*
2026-07-23 11:06:51,944 - [ INFO ] - Lendo e empilhando planilha: tratado_vbp_202601vbpbrasil.xlsx (Versão: 2026 - 01)...
2026-07-23 11:06:52,140 - [ INFO ] - Lendo e empilhando planilha: tratado_vbp_202602vbpbrasil.xlsx (Versão: 2026 - 02)...
2026-07-23 11:06:52,207 - [ INFO ] - Lendo e empilhando planilha: tratado_vbp_202603vbpbrasil.xlsx (Versão: 2026 - 03)...
2026-07-23 11:06:52,274 - [ INFO ] - Lendo e empilhando planilha: tratado_vbp_202604vbpbrasil.xlsx (Versão: 2026 - 04)...
2026-07-23 11:06:52,341 - [ INFO ] - Lendo e empilhando planilha: tratado_vbp_202605vbpbrasil.xlsx (Versão: 2026 - 05)...
2026-07-23 11:06:52,441 - [ INFO ] - Lendo e empilhando planilha: tratado_vbp_copy_of_202606vbpbrasil.xlsx (Versão: 2026 - 06)...
2026-07-23 11:06:52,508 - [ INFO ] - Lendo e empilhando planilha: tratado_vbp_dashboardvbp202606.xlsx (Versão: 2026 - 06)...
2026-07-23 11:06:54,710 - [ INFO ] - Consolidação salva: base_consolidada_07-2026.xlsx
2026-07-23 11:06:54,710 - [ INFO ] - --- GERANDO DASHBOARD VISUAL (HTML) ---
2026-07-23 11:06:54,781 - [ INFO ] - Montando painel com o histórico de versões até: 2026 - 06...
2026-07-23 11:06:54,857 - [ INFO ] - Sucesso! Relatório gerado em: /home/runner/work/AGCO-Agri-Income/AGCO-Agri-Income/index.html
2026-07-23 11:06:54,857 - [ INFO ] - --- GERANDO PÁGINA DE COTAÇÕES INTERNACIONAIS ---
2026-07-23 11:06:54,857 - [ INFO ] - --- COLETANDO HISTÓRICO DE TENDÊNCIAS (DESDE 2023) ---
2026-07-23 11:06:55,737 - [ INFO ] - Sucesso! Relatório de preços gerado em: /home/runner/work/AGCO-Agri-Income/AGCO-Agri-Income/precos.html
2026-07-24 11:00:29,880 - [ INFO ] - --- INICIANDO WEB SCRAPING ---
2026-07-24 11:00:30,873 - [ INFO ] - Baixando: dashboardvbp202606.xlsx...
2026-07-24 11:00:33,524 - [ INFO ] - Baixando: copy_of_202606vbpbrasil.xlsx...
2026-07-24 11:00:35,307 - [ INFO ] - Baixando: 202605vbpbrasil.xlsx...
2026-07-24 11:00:36,538 - [ INFO ] - Baixando: 202604vbpbrasil.xlsx...
2026-07-24 11:00:37,770 - [ INFO ] - Baixando: 202603vbpbrasil.xlsx...
2026-07-24 11:00:39,008 - [ INFO ] - Baixando: 202602vbpbrasil.xlsx...
2026-07-24 11:00:40,243 - [ INFO ] - Baixando: 202601vbpbrasil.xlsx...
2026-07-24 11:00:41,485 - [ INFO ] - --- INICIANDO PROCESSAMENTO DE DADOS ---
2026-07-24 11:00:41,486 - [ WARNING ] - Nenhum arquivo encontrado com o padrão: *_volume_*.xls*
2026-07-24 11:00:41,486 - [ INFO ] - Lendo e empilhando planilha: tratado_vbp_202601vbpbrasil.xlsx (Versão: 2026 - 01)...
2026-07-24 11:00:41,660 - [ INFO ] - Lendo e empilhando planilha: tratado_vbp_202602vbpbrasil.xlsx (Versão: 2026 - 02)...
2026-07-24 11:00:41,730 - [ INFO ] - Lendo e empilhando planilha: tratado_vbp_202603vbpbrasil.xlsx (Versão: 2026 - 03)...
2026-07-24 11:00:41,800 - [ INFO ] - Lendo e empilhando planilha: tratado_vbp_202604vbpbrasil.xlsx (Versão: 2026 - 04)...
2026-07-24 11:00:41,869 - [ INFO ] - Lendo e empilhando planilha: tratado_vbp_202605vbpbrasil.xlsx (Versão: 2026 - 05)...
2026-07-24 11:00:41,970 - [ INFO ] - Lendo e empilhando planilha: tratado_vbp_copy_of_202606vbpbrasil.xlsx (Versão: 2026 - 06)...
2026-07-24 11:00:42,036 - [ INFO ] - Lendo e empilhando planilha: tratado_vbp_dashboardvbp202606.xlsx (Versão: 2026 - 06)...
2026-07-24 11:00:44,222 - [ INFO ] - Consolidação salva: base_consolidada_07-2026.xlsx
2026-07-24 11:00:44,222 - [ INFO ] - --- GERANDO DASHBOARD VISUAL (HTML) ---
2026-07-24 11:00:44,292 - [ INFO ] - Montando painel com o histórico de versões até: 2026 - 06...
2026-07-24 11:00:44,367 - [ INFO ] - Sucesso! Relatório gerado em: /home/runner/work/AGCO-Agri-Income/AGCO-Agri-Income/index.html
2026-07-24 11:00:44,367 - [ INFO ] - --- GERANDO PÁGINA DE COTAÇÕES INTERNACIONAIS ---
2026-07-24 11:00:44,367 - [ INFO ] - --- COLETANDO HISTÓRICO DE TENDÊNCIAS (DESDE 2023) ---
2026-07-24 11:00:45,133 - [ INFO ] - Sucesso! Relatório de preços gerado em: /home/runner/work/AGCO-Agri-Income/AGCO-Agri-Income/precos.html
2026-07-27 12:18:10,152 - [ INFO ] - --- INICIANDO WEB SCRAPING ---
2026-07-27 12:18:12,808 - [ INFO ] - Baixando: dashboardvbp202606.xlsx...
2026-07-27 12:18:15,588 - [ INFO ] - Baixando: copy_of_202606vbpbrasil.xlsx...
2026-07-27 12:18:17,342 - [ INFO ] - Baixando: 202605vbpbrasil.xlsx...
2026-07-27 12:18:18,575 - [ INFO ] - Baixando: 202604vbpbrasil.xlsx...
2026-07-27 12:18:19,812 - [ INFO ] - Baixando: 202603vbpbrasil.xlsx...
2026-07-27 12:18:21,180 - [ INFO ] - Baixando: 202602vbpbrasil.xlsx...
2026-07-27 12:18:22,540 - [ INFO ] - Baixando: 202601vbpbrasil.xlsx...
2026-07-27 12:18:23,780 - [ INFO ] - --- INICIANDO PROCESSAMENTO DE DADOS ---
2026-07-27 12:18:23,780 - [ WARNING ] - Nenhum arquivo encontrado com o padrão: *_volume_*.xls*
2026-07-27 12:18:23,780 - [ INFO ] - Lendo e empilhando planilha: tratado_vbp_202601vbpbrasil.xlsx (Versão: 2026 - 01)...
2026-07-27 12:18:24,007 - [ INFO ] - Lendo e empilhando planilha: tratado_vbp_202602vbpbrasil.xlsx (Versão: 2026 - 02)...
2026-07-27 12:18:24,072 - [ INFO ] - Lendo e empilhando planilha: tratado_vbp_202603vbpbrasil.xlsx (Versão: 2026 - 03)...
2026-07-27 12:18:24,139 - [ INFO ] - Lendo e empilhando planilha: tratado_vbp_202604vbpbrasil.xlsx (Versão: 2026 - 04)...
2026-07-27 12:18:24,204 - [ INFO ] - Lendo e empilhando planilha: tratado_vbp_202605vbpbrasil.xlsx (Versão: 2026 - 05)...
2026-07-27 12:18:24,297 - [ INFO ] - Lendo e empilhando planilha: tratado_vbp_copy_of_202606vbpbrasil.xlsx (Versão: 2026 - 06)...
2026-07-27 12:18:24,362 - [ INFO ] - Lendo e empilhando planilha: tratado_vbp_dashboardvbp202606.xlsx (Versão: 2026 - 06)...
2026-07-27 12:18:26,482 - [ INFO ] - Consolidação salva: base_consolidada_07-2026.xlsx
2026-07-27 12:18:26,482 - [ INFO ] - --- GERANDO DASHBOARD VISUAL (HTML) ---
2026-07-27 12:18:26,552 - [ INFO ] - Montando painel com o histórico de versões até: 2026 - 06...
2026-07-27 12:18:26,626 - [ INFO ] - Sucesso! Relatório gerado em: /home/runner/work/AGCO-Agri-Income/AGCO-Agri-Income/index.html
2026-07-27 12:18:26,626 - [ INFO ] - --- GERANDO PÁGINA DE COTAÇÕES INTERNACIONAIS ---
2026-07-27 12:18:26,626 - [ INFO ] - --- COLETANDO HISTÓRICO DE TENDÊNCIAS (DESDE 2023) ---
2026-07-27 12:18:27,406 - [ INFO ] - Sucesso! Relatório de preços gerado em: /home/runner/work/AGCO-Agri-Income/AGCO-Agri-Income/precos.html
2026-07-28 11:14:02,598 - [ INFO ] - --- INICIANDO WEB SCRAPING ---
2026-07-28 11:14:05,340 - [ INFO ] - Baixando: dashboardvbp202606.xlsx...
2026-07-28 11:14:08,388 - [ INFO ] - Baixando: copy_of_202606vbpbrasil.xlsx...
2026-07-28 11:14:10,728 - [ INFO ] - Baixando: 202605vbpbrasil.xlsx...
2026-07-28 11:14:12,126 - [ INFO ] - Baixando: 202604vbpbrasil.xlsx...
2026-07-28 11:14:13,481 - [ INFO ] - Baixando: 202603vbpbrasil.xlsx...
2026-07-28 11:14:15,030 - [ INFO ] - Baixando: 202602vbpbrasil.xlsx...
2026-07-28 11:14:16,439 - [ INFO ] - Baixando: 202601vbpbrasil.xlsx...
2026-07-28 11:14:17,843 - [ INFO ] - --- INICIANDO PROCESSAMENTO DE DADOS ---
2026-07-28 11:14:17,843 - [ WARNING ] - Nenhum arquivo encontrado com o padrão: *_volume_*.xls*
2026-07-28 11:14:17,844 - [ INFO ] - Lendo e empilhando planilha: tratado_vbp_202601vbpbrasil.xlsx (Versão: 2026 - 01)...
2026-07-28 11:14:18,064 - [ INFO ] - Lendo e empilhando planilha: tratado_vbp_202602vbpbrasil.xlsx (Versão: 2026 - 02)...
2026-07-28 11:14:18,126 - [ INFO ] - Lendo e empilhando planilha: tratado_vbp_202603vbpbrasil.xlsx (Versão: 2026 - 03)...
2026-07-28 11:14:18,188 - [ INFO ] - Lendo e empilhando planilha: tratado_vbp_202604vbpbrasil.xlsx (Versão: 2026 - 04)...
2026-07-28 11:14:18,250 - [ INFO ] - Lendo e empilhando planilha: tratado_vbp_202605vbpbrasil.xlsx (Versão: 2026 - 05)...
2026-07-28 11:14:18,340 - [ INFO ] - Lendo e empilhando planilha: tratado_vbp_copy_of_202606vbpbrasil.xlsx (Versão: 2026 - 06)...
2026-07-28 11:14:18,402 - [ INFO ] - Lendo e empilhando planilha: tratado_vbp_dashboardvbp202606.xlsx (Versão: 2026 - 06)...
2026-07-28 11:14:20,043 - [ INFO ] - Consolidação salva: base_consolidada_07-2026.xlsx
2026-07-28 11:14:20,043 - [ INFO ] - --- GERANDO DASHBOARD VISUAL (HTML) ---
2026-07-28 11:14:20,107 - [ INFO ] - Montando painel com o histórico de versões até: 2026 - 06...
2026-07-28 11:14:20,178 - [ INFO ] - Sucesso! Relatório gerado em: /home/runner/work/AGCO-Agri-Income/AGCO-Agri-Income/index.html
2026-07-28 11:14:20,178 - [ INFO ] - --- GERANDO PÁGINA DE COTAÇÕES INTERNACIONAIS ---
2026-07-28 11:14:20,179 - [ INFO ] - --- COLETANDO HISTÓRICO DE TENDÊNCIAS (DESDE 2023) ---
2026-07-28 11:14:21,432 - [ INFO ] - Sucesso! Relatório de preços gerado em: /home/runner/work/AGCO-Agri-Income/AGCO-Agri-Income/precos.html
2026-07-29 11:22:25,845 - [ INFO ] - --- INICIANDO WEB SCRAPING ---
2026-07-29 11:22:27,092 - [ INFO ] - Baixando: dashboardvbp202606.xlsx...
2026-07-29 11:22:30,712 - [ INFO ] - Baixando: copy_of_202606vbpbrasil.xlsx...
2026-07-29 11:22:33,464 - [ INFO ] - Baixando: 202605vbpbrasil.xlsx...
2026-07-29 11:22:35,225 - [ INFO ] - Baixando: 202604vbpbrasil.xlsx...
2026-07-29 11:22:36,997 - [ INFO ] - Baixando: 202603vbpbrasil.xlsx...
2026-07-29 11:22:38,713 - [ INFO ] - Baixando: 202602vbpbrasil.xlsx...
2026-07-29 11:22:40,628 - [ INFO ] - Baixando: 202601vbpbrasil.xlsx...
2026-07-29 11:22:42,367 - [ INFO ] - --- INICIANDO PROCESSAMENTO DE DADOS ---
2026-07-29 11:22:42,367 - [ WARNING ] - Nenhum arquivo encontrado com o padrão: *_volume_*.xls*
2026-07-29 11:22:42,368 - [ INFO ] - Lendo e empilhando planilha: tratado_vbp_202601vbpbrasil.xlsx (Versão: 2026 - 01)...
2026-07-29 11:22:42,630 - [ INFO ] - Lendo e empilhando planilha: tratado_vbp_202602vbpbrasil.xlsx (Versão: 2026 - 02)...
2026-07-29 11:22:42,696 - [ INFO ] - Lendo e empilhando planilha: tratado_vbp_202603vbpbrasil.xlsx (Versão: 2026 - 03)...
2026-07-29 11:22:42,762 - [ INFO ] - Lendo e empilhando planilha: tratado_vbp_202604vbpbrasil.xlsx (Versão: 2026 - 04)...
2026-07-29 11:22:42,827 - [ INFO ] - Lendo e empilhando planilha: tratado_vbp_202605vbpbrasil.xlsx (Versão: 2026 - 05)...
2026-07-29 11:22:42,921 - [ INFO ] - Lendo e empilhando planilha: tratado_vbp_copy_of_202606vbpbrasil.xlsx (Versão: 2026 - 06)...
2026-07-29 11:22:42,986 - [ INFO ] - Lendo e empilhando planilha: tratado_vbp_dashboardvbp202606.xlsx (Versão: 2026 - 06)...
2026-07-29 11:22:45,160 - [ INFO ] - Consolidação salva: base_consolidada_07-2026.xlsx
2026-07-29 11:22:45,160 - [ INFO ] - --- GERANDO DASHBOARD VISUAL (HTML) ---
2026-07-29 11:22:45,231 - [ INFO ] - Montando painel com o histórico de versões até: 2026 - 06...
2026-07-29 11:22:45,309 - [ INFO ] - Sucesso! Relatório gerado em: /home/runner/work/AGCO-Agri-Income/AGCO-Agri-Income/index.html
2026-07-29 11:22:45,309 - [ INFO ] - --- GERANDO PÁGINA DE COTAÇÕES INTERNACIONAIS ---
2026-07-29 11:22:45,309 - [ INFO ] - --- COLETANDO HISTÓRICO DE TENDÊNCIAS (DESDE 2023) ---
2026-07-29 11:22:46,114 - [ INFO ] - Sucesso! Relatório de preços gerado em: /home/runner/work/AGCO-Agri-Income/AGCO-Agri-Income/precos.html
2026-07-30 11:04:08,487 - [ INFO ] - --- INICIANDO WEB SCRAPING ---
2026-07-30 11:04:09,356 - [ INFO ] - Baixando: dashboardvbp202606.xlsx...
2026-07-30 11:04:12,224 - [ INFO ] - Baixando: copy_of_202606vbpbrasil.xlsx...
2026-07-30 11:04:13,998 - [ INFO ] - Baixando: 202605vbpbrasil.xlsx...
2026-07-30 11:04:15,244 - [ INFO ] - Baixando: 202604vbpbrasil.xlsx...
2026-07-30 11:04:17,020 - [ INFO ] - Baixando: 202603vbpbrasil.xlsx...
2026-07-30 11:04:18,404 - [ INFO ] - Baixando: 202602vbpbrasil.xlsx...
2026-07-30 11:04:19,787 - [ INFO ] - Baixando: 202601vbpbrasil.xlsx...
2026-07-30 11:04:21,153 - [ INFO ] - --- INICIANDO PROCESSAMENTO DE DADOS ---
2026-07-30 11:04:21,153 - [ WARNING ] - Nenhum arquivo encontrado com o padrão: *_volume_*.xls*
2026-07-30 11:04:21,154 - [ INFO ] - Lendo e empilhando planilha: tratado_vbp_202601vbpbrasil.xlsx (Versão: 2026 - 01)...
2026-07-30 11:04:21,354 - [ INFO ] - Lendo e empilhando planilha: tratado_vbp_202602vbpbrasil.xlsx (Versão: 2026 - 02)...
2026-07-30 11:04:21,416 - [ INFO ] - Lendo e empilhando planilha: tratado_vbp_202603vbpbrasil.xlsx (Versão: 2026 - 03)...
2026-07-30 11:04:21,479 - [ INFO ] - Lendo e empilhando planilha: tratado_vbp_202604vbpbrasil.xlsx (Versão: 2026 - 04)...
2026-07-30 11:04:21,541 - [ INFO ] - Lendo e empilhando planilha: tratado_vbp_202605vbpbrasil.xlsx (Versão: 2026 - 05)...
2026-07-30 11:04:21,640 - [ INFO ] - Lendo e empilhando planilha: tratado_vbp_copy_of_202606vbpbrasil.xlsx (Versão: 2026 - 06)...
2026-07-30 11:04:21,704 - [ INFO ] - Lendo e empilhando planilha: tratado_vbp_dashboardvbp202606.xlsx (Versão: 2026 - 06)...
2026-07-30 11:04:23,359 - [ INFO ] - Consolidação salva: base_consolidada_07-2026.xlsx
2026-07-30 11:04:23,360 - [ INFO ] - --- GERANDO DASHBOARD VISUAL (HTML) ---
2026-07-30 11:04:23,426 - [ INFO ] - Montando painel com o histórico de versões até: 2026 - 06...
2026-07-30 11:04:23,503 - [ INFO ] - Sucesso! Relatório gerado em: /home/runner/work/AGCO-Agri-Income/AGCO-Agri-Income/index.html
2026-07-30 11:04:23,503 - [ INFO ] - --- GERANDO PÁGINA DE COTAÇÕES INTERNACIONAIS ---
2026-07-30 11:04:23,503 - [ INFO ] - --- COLETANDO HISTÓRICO DE TENDÊNCIAS (DESDE 2023) ---
2026-07-30 11:04:24,349 - [ INFO ] - Sucesso! Relatório de preços gerado em: /home/runner/work/AGCO-Agri-Income/AGCO-Agri-Income/precos.html
2026-07-31 11:26:54,360 - [ INFO ] - --- INICIANDO WEB SCRAPING ---
2026-07-31 11:26:55,006 - [ INFO ] - Baixando: dashboardvbp202606.xlsx...
2026-07-31 11:26:57,837 - [ INFO ] - Baixando: copy_of_202606vbpbrasil.xlsx...
2026-07-31 11:26:59,876 - [ INFO ] - Baixando: 202605vbpbrasil.xlsx...
2026-07-31 11:27:01,117 - [ INFO ] - Baixando: 202604vbpbrasil.xlsx...
2026-07-31 11:27:02,367 - [ INFO ] - Baixando: 202603vbpbrasil.xlsx...
2026-07-31 11:27:07,670 - [ INFO ] - Baixando: 202602vbpbrasil.xlsx...
2026-07-31 11:27:08,908 - [ INFO ] - Baixando: 202601vbpbrasil.xlsx...
2026-07-31 11:27:10,422 - [ INFO ] - --- INICIANDO PROCESSAMENTO DE DADOS ---
2026-07-31 11:27:10,422 - [ WARNING ] - Nenhum arquivo encontrado com o padrão: *_volume_*.xls*
2026-07-31 11:27:10,423 - [ INFO ] - Lendo e empilhando planilha: tratado_vbp_202601vbpbrasil.xlsx (Versão: 2026 - 01)...
2026-07-31 11:27:10,596 - [ INFO ] - Lendo e empilhando planilha: tratado_vbp_202602vbpbrasil.xlsx (Versão: 2026 - 02)...
2026-07-31 11:27:10,686 - [ INFO ] - Lendo e empilhando planilha: tratado_vbp_202603vbpbrasil.xlsx (Versão: 2026 - 03)...
2026-07-31 11:27:10,752 - [ INFO ] - Lendo e empilhando planilha: tratado_vbp_202604vbpbrasil.xlsx (Versão: 2026 - 04)...
2026-07-31 11:27:10,821 - [ INFO ] - Lendo e empilhando planilha: tratado_vbp_202605vbpbrasil.xlsx (Versão: 2026 - 05)...
2026-07-31 11:27:10,926 - [ INFO ] - Lendo e empilhando planilha: tratado_vbp_copy_of_202606vbpbrasil.xlsx (Versão: 2026 - 06)...
2026-07-31 11:27:10,990 - [ INFO ] - Lendo e empilhando planilha: tratado_vbp_dashboardvbp202606.xlsx (Versão: 2026 - 06)...
2026-07-31 11:27:12,660 - [ INFO ] - Consolidação salva: base_consolidada_07-2026.xlsx
2026-07-31 11:27:12,660 - [ INFO ] - --- GERANDO DASHBOARD VISUAL (HTML) ---
2026-07-31 11:27:12,726 - [ INFO ] - Montando painel com o histórico de versões até: 2026 - 06...
2026-07-31 11:27:12,797 - [ INFO ] - Sucesso! Relatório gerado em: /home/runner/work/AGCO-Agri-Income/AGCO-Agri-Income/index.html
2026-07-31 11:27:12,798 - [ INFO ] - --- GERANDO PÁGINA DE COTAÇÕES INTERNACIONAIS ---
2026-07-31 11:27:12,798 - [ INFO ] - --- COLETANDO HISTÓRICO DE TENDÊNCIAS (DESDE 2023) ---
2026-07-31 11:27:13,580 - [ INFO ] - Sucesso! Relatório de preços gerado em: /home/runner/work/AGCO-Agri-Income/AGCO-Agri-Income/precos.html
2026-08-03 12:18:55,154 - [ INFO ] - --- INICIANDO WEB SCRAPING ---
2026-08-03 12:18:56,242 - [ INFO ] - Baixando: dashboardvbp202606.xlsx...
2026-08-03 12:19:00,065 - [ INFO ] - Baixando: copy_of_202606vbpbrasil.xlsx...
2026-08-03 12:19:02,732 - [ INFO ] - Baixando: 202605vbpbrasil.xlsx...
2026-08-03 12:19:04,370 - [ INFO ] - Baixando: 202604vbpbrasil.xlsx...
2026-08-03 12:19:06,129 - [ INFO ] - Baixando: 202603vbpbrasil.xlsx...
2026-08-03 12:19:07,904 - [ INFO ] - Baixando: 202602vbpbrasil.xlsx...
2026-08-03 12:19:10,063 - [ INFO ] - Baixando: 202601vbpbrasil.xlsx...
2026-08-03 12:19:11,818 - [ INFO ] - --- INICIANDO PROCESSAMENTO DE DADOS ---
2026-08-03 12:19:11,818 - [ WARNING ] - Nenhum arquivo encontrado com o padrão: *_volume_*.xls*
2026-08-03 12:19:11,819 - [ INFO ] - Lendo e empilhando planilha: tratado_vbp_202601vbpbrasil.xlsx (Versão: 2026 - 01)...
2026-08-03 12:19:12,045 - [ INFO ] - Lendo e empilhando planilha: tratado_vbp_202602vbpbrasil.xlsx (Versão: 2026 - 02)...
2026-08-03 12:19:12,111 - [ INFO ] - Lendo e empilhando planilha: tratado_vbp_202603vbpbrasil.xlsx (Versão: 2026 - 03)...
2026-08-03 12:19:12,176 - [ INFO ] - Lendo e empilhando planilha: tratado_vbp_202604vbpbrasil.xlsx (Versão: 2026 - 04)...
2026-08-03 12:19:12,241 - [ INFO ] - Lendo e empilhando planilha: tratado_vbp_202605vbpbrasil.xlsx (Versão: 2026 - 05)...
2026-08-03 12:19:12,334 - [ INFO ] - Lendo e empilhando planilha: tratado_vbp_copy_of_202606vbpbrasil.xlsx (Versão: 2026 - 06)...
2026-08-03 12:19:12,399 - [ INFO ] - Lendo e empilhando planilha: tratado_vbp_dashboardvbp202606.xlsx (Versão: 2026 - 06)...
2026-08-03 12:19:14,603 - [ INFO ] - Consolidação salva: base_consolidada_08-2026.xlsx
2026-08-03 12:19:14,603 - [ INFO ] - --- GERANDO DASHBOARD VISUAL (HTML) ---
2026-08-03 12:19:14,672 - [ INFO ] - Montando painel com o histórico de versões até: 2026 - 06...
2026-08-03 12:19:14,746 - [ INFO ] - Sucesso! Relatório gerado em: /home/runner/work/AGCO-Agri-Income/AGCO-Agri-Income/index.html
2026-08-03 12:19:14,746 - [ INFO ] - --- GERANDO PÁGINA DE COTAÇÕES INTERNACIONAIS ---
2026-08-03 12:19:14,746 - [ INFO ] - --- COLETANDO HISTÓRICO DE TENDÊNCIAS (DESDE 2023) ---
2026-08-03 12:19:15,460 - [ INFO ] - Sucesso! Relatório de preços gerado em: /home/runner/work/AGCO-Agri-Income/AGCO-Agri-Income/precos.html
2026-08-04 11:20:55,189 - [ INFO ] - --- INICIANDO WEB SCRAPING ---
2026-08-04 11:20:57,850 - [ INFO ] - Baixando: dashboardvbp202606.xlsx...
2026-08-04 11:21:00,912 - [ INFO ] - Baixando: copy_of_202606vbpbrasil.xlsx...
2026-08-04 11:21:03,342 - [ INFO ] - Baixando: 202605vbpbrasil.xlsx...
2026-08-04 11:21:04,752 - [ INFO ] - Baixando: 202604vbpbrasil.xlsx...
2026-08-04 11:21:06,142 - [ INFO ] - Baixando: 202603vbpbrasil.xlsx...
2026-08-04 11:21:07,563 - [ INFO ] - Baixando: 202602vbpbrasil.xlsx...
2026-08-04 11:21:09,123 - [ INFO ] - Baixando: 202601vbpbrasil.xlsx...
2026-08-04 11:21:10,536 - [ INFO ] - --- INICIANDO PROCESSAMENTO DE DADOS ---
2026-08-04 11:21:10,536 - [ WARNING ] - Nenhum arquivo encontrado com o padrão: *_volume_*.xls*
2026-08-04 11:21:10,537 - [ INFO ] - Lendo e empilhando planilha: tratado_vbp_202601vbpbrasil.xlsx (Versão: 2026 - 01)...
2026-08-04 11:21:10,774 - [ INFO ] - Lendo e empilhando planilha: tratado_vbp_202602vbpbrasil.xlsx (Versão: 2026 - 02)...
2026-08-04 11:21:10,839 - [ INFO ] - Lendo e empilhando planilha: tratado_vbp_202603vbpbrasil.xlsx (Versão: 2026 - 03)...
2026-08-04 11:21:10,906 - [ INFO ] - Lendo e empilhando planilha: tratado_vbp_202604vbpbrasil.xlsx (Versão: 2026 - 04)...
2026-08-04 11:21:10,974 - [ INFO ] - Lendo e empilhando planilha: tratado_vbp_202605vbpbrasil.xlsx (Versão: 2026 - 05)...
2026-08-04 11:21:11,074 - [ INFO ] - Lendo e empilhando planilha: tratado_vbp_copy_of_202606vbpbrasil.xlsx (Versão: 2026 - 06)...
2026-08-04 11:21:11,143 - [ INFO ] - Lendo e empilhando planilha: tratado_vbp_dashboardvbp202606.xlsx (Versão: 2026 - 06)...
2026-08-04 11:21:13,335 - [ INFO ] - Consolidação salva: base_consolidada_08-2026.xlsx
2026-08-04 11:21:13,336 - [ INFO ] - --- GERANDO DASHBOARD VISUAL (HTML) ---
2026-08-04 11:21:13,406 - [ INFO ] - Montando painel com o histórico de versões até: 2026 - 06...
2026-08-04 11:21:13,483 - [ INFO ] - Sucesso! Relatório gerado em: /home/runner/work/AGCO-Agri-Income/AGCO-Agri-Income/index.html
2026-08-04 11:21:13,483 - [ INFO ] - --- GERANDO PÁGINA DE COTAÇÕES INTERNACIONAIS ---
2026-08-04 11:21:13,483 - [ INFO ] - --- COLETANDO HISTÓRICO DE TENDÊNCIAS (DESDE 2023) ---
2026-08-04 11:21:14,510 - [ INFO ] - Sucesso! Relatório de preços gerado em: /home/runner/work/AGCO-Agri-Income/AGCO-Agri-Income/precos.html
2026-08-05 11:17:01,081 - [ INFO ] - --- INICIANDO WEB SCRAPING ---
2026-08-05 11:17:04,786 - [ INFO ] - Baixando: dashboardvbp202606.xlsx...
2026-08-05 11:17:07,573 - [ INFO ] - Baixando: copy_of_202606vbpbrasil.xlsx...
2026-08-05 11:17:09,582 - [ INFO ] - Baixando: 202605vbpbrasil.xlsx...
2026-08-05 11:17:10,813 - [ INFO ] - Baixando: 202604vbpbrasil.xlsx...
2026-08-05 11:17:12,039 - [ INFO ] - Baixando: 202603vbpbrasil.xlsx...
2026-08-05 11:17:13,264 - [ INFO ] - Baixando: 202602vbpbrasil.xlsx...
2026-08-05 11:17:14,499 - [ INFO ] - Baixando: 202601vbpbrasil.xlsx...
2026-08-05 11:17:15,733 - [ INFO ] - --- INICIANDO PROCESSAMENTO DE DADOS ---
2026-08-05 11:17:15,733 - [ WARNING ] - Nenhum arquivo encontrado com o padrão: *_volume_*.xls*
2026-08-05 11:17:15,734 - [ INFO ] - Lendo e empilhando planilha: tratado_vbp_202601vbpbrasil.xlsx (Versão: 2026 - 01)...
2026-08-05 11:17:15,940 - [ INFO ] - Lendo e empilhando planilha: tratado_vbp_202602vbpbrasil.xlsx (Versão: 2026 - 02)...
2026-08-05 11:17:16,001 - [ INFO ] - Lendo e empilhando planilha: tratado_vbp_202603vbpbrasil.xlsx (Versão: 2026 - 03)...
2026-08-05 11:17:16,062 - [ INFO ] - Lendo e empilhando planilha: tratado_vbp_202604vbpbrasil.xlsx (Versão: 2026 - 04)...
2026-08-05 11:17:16,123 - [ INFO ] - Lendo e empilhando planilha: tratado_vbp_202605vbpbrasil.xlsx (Versão: 2026 - 05)...
2026-08-05 11:17:16,212 - [ INFO ] - Lendo e empilhando planilha: tratado_vbp_copy_of_202606vbpbrasil.xlsx (Versão: 2026 - 06)...
2026-08-05 11:17:16,273 - [ INFO ] - Lendo e empilhando planilha: tratado_vbp_dashboardvbp202606.xlsx (Versão: 2026 - 06)...
2026-08-05 11:17:17,932 - [ INFO ] - Consolidação salva: base_consolidada_08-2026.xlsx
2026-08-05 11:17:17,932 - [ INFO ] - --- GERANDO DASHBOARD VISUAL (HTML) ---
2026-08-05 11:17:17,996 - [ INFO ] - Montando painel com o histórico de versões até: 2026 - 06...
2026-08-05 11:17:18,065 - [ INFO ] - Sucesso! Relatório gerado em: /home/runner/work/AGCO-Agri-Income/AGCO-Agri-Income/index.html
2026-08-05 11:17:18,065 - [ INFO ] - --- GERANDO PÁGINA DE COTAÇÕES INTERNACIONAIS ---
2026-08-05 11:17:18,065 - [ INFO ] - --- COLETANDO HISTÓRICO DE TENDÊNCIAS (DESDE 2023) ---
2026-08-05 11:17:18,828 - [ INFO ] - Sucesso! Relatório de preços gerado em: /home/runner/work/AGCO-Agri-Income/AGCO-Agri-Income/precos.html
2026-08-06 11:19:11,817 - [ INFO ] - --- INICIANDO WEB SCRAPING ---
2026-08-06 11:19:12,704 - [ INFO ] - Baixando: dashboardvbp202606.xlsx...
2026-08-06 11:19:15,392 - [ INFO ] - Baixando: copy_of_202606vbpbrasil.xlsx...
2026-08-06 11:19:17,548 - [ INFO ] - Baixando: 202605vbpbrasil.xlsx...
2026-08-06 11:19:19,045 - [ INFO ] - Baixando: 202604vbpbrasil.xlsx...
2026-08-06 11:19:20,407 - [ INFO ] - Baixando: 202603vbpbrasil.xlsx...
2026-08-06 11:19:21,775 - [ INFO ] - Baixando: 202602vbpbrasil.xlsx...
2026-08-06 11:19:23,038 - [ INFO ] - Baixando: 202601vbpbrasil.xlsx...
2026-08-06 11:19:24,268 - [ INFO ] - --- INICIANDO PROCESSAMENTO DE DADOS ---
2026-08-06 11:19:24,269 - [ WARNING ] - Nenhum arquivo encontrado com o padrão: *_volume_*.xls*
2026-08-06 11:19:24,269 - [ INFO ] - Lendo e empilhando planilha: tratado_vbp_202601vbpbrasil.xlsx (Versão: 2026 - 01)...
2026-08-06 11:19:24,601 - [ INFO ] - Lendo e empilhando planilha: tratado_vbp_202602vbpbrasil.xlsx (Versão: 2026 - 02)...
2026-08-06 11:19:24,672 - [ INFO ] - Lendo e empilhando planilha: tratado_vbp_202603vbpbrasil.xlsx (Versão: 2026 - 03)...
2026-08-06 11:19:24,744 - [ INFO ] - Lendo e empilhando planilha: tratado_vbp_202604vbpbrasil.xlsx (Versão: 2026 - 04)...
2026-08-06 11:19:24,817 - [ INFO ] - Lendo e empilhando planilha: tratado_vbp_202605vbpbrasil.xlsx (Versão: 2026 - 05)...
2026-08-06 11:19:24,930 - [ INFO ] - Lendo e empilhando planilha: tratado_vbp_copy_of_202606vbpbrasil.xlsx (Versão: 2026 - 06)...
2026-08-06 11:19:25,002 - [ INFO ] - Lendo e empilhando planilha: tratado_vbp_dashboardvbp202606.xlsx (Versão: 2026 - 06)...
2026-08-06 11:19:27,259 - [ INFO ] - Consolidação salva: base_consolidada_08-2026.xlsx
2026-08-06 11:19:27,259 - [ INFO ] - --- GERANDO DASHBOARD VISUAL (HTML) ---
2026-08-06 11:19:27,330 - [ INFO ] - Montando painel com o histórico de versões até: 2026 - 06...
2026-08-06 11:19:27,408 - [ INFO ] - Sucesso! Relatório gerado em: /home/runner/work/AGCO-Agri-Income/AGCO-Agri-Income/index.html
2026-08-06 11:19:27,409 - [ INFO ] - --- GERANDO PÁGINA DE COTAÇÕES INTERNACIONAIS ---
2026-08-06 11:19:27,409 - [ INFO ] - --- COLETANDO HISTÓRICO DE TENDÊNCIAS (DESDE 2023) ---
2026-08-06 11:19:28,203 - [ INFO ] - Sucesso! Relatório de preços gerado em: /home/runner/work/AGCO-Agri-Income/AGCO-Agri-Income/precos.html
2026-08-07 09:58:01,051 - [ INFO ] - --- INICIANDO WEB SCRAPING ---
2026-08-07 09:58:03,911 - [ INFO ] - Baixando: dashboardvbp202606.xlsx...
2026-08-07 09:58:07,752 - [ INFO ] - Baixando: copy_of_202606vbpbrasil.xlsx...
2026-08-07 09:58:10,829 - [ INFO ] - Baixando: 202605vbpbrasil.xlsx...
2026-08-07 09:58:12,586 - [ INFO ] - Baixando: 202604vbpbrasil.xlsx...
2026-08-07 09:58:14,345 - [ INFO ] - Baixando: 202603vbpbrasil.xlsx...
2026-08-07 09:58:16,103 - [ INFO ] - Baixando: 202602vbpbrasil.xlsx...
2026-08-07 09:58:18,050 - [ INFO ] - Baixando: 202601vbpbrasil.xlsx...
2026-08-07 09:58:19,807 - [ INFO ] - --- INICIANDO PROCESSAMENTO DE DADOS ---
2026-08-07 09:58:19,807 - [ WARNING ] - Nenhum arquivo encontrado com o padrão: *_volume_*.xls*
2026-08-07 09:58:19,808 - [ INFO ] - Lendo e empilhando planilha: tratado_vbp_202601vbpbrasil.xlsx (Versão: 2026 - 01)...
2026-08-07 09:58:20,110 - [ INFO ] - Lendo e empilhando planilha: tratado_vbp_202602vbpbrasil.xlsx (Versão: 2026 - 02)...
2026-08-07 09:58:20,176 - [ INFO ] - Lendo e empilhando planilha: tratado_vbp_202603vbpbrasil.xlsx (Versão: 2026 - 03)...
2026-08-07 09:58:20,242 - [ INFO ] - Lendo e empilhando planilha: tratado_vbp_202604vbpbrasil.xlsx (Versão: 2026 - 04)...
2026-08-07 09:58:20,307 - [ INFO ] - Lendo e empilhando planilha: tratado_vbp_202605vbpbrasil.xlsx (Versão: 2026 - 05)...
2026-08-07 09:58:20,401 - [ INFO ] - Lendo e empilhando planilha: tratado_vbp_copy_of_202606vbpbrasil.xlsx (Versão: 2026 - 06)...
2026-08-07 09:58:20,467 - [ INFO ] - Lendo e empilhando planilha: tratado_vbp_dashboardvbp202606.xlsx (Versão: 2026 - 06)...
2026-08-07 09:58:22,660 - [ INFO ] - Consolidação salva: base_consolidada_08-2026.xlsx
2026-08-07 09:58:22,660 - [ INFO ] - --- GERANDO DASHBOARD VISUAL (HTML) ---
2026-08-07 09:58:22,729 - [ INFO ] - Montando painel com o histórico de versões até: 2026 - 06...
2026-08-07 09:58:22,804 - [ INFO ] - Sucesso! Relatório gerado em: /home/runner/work/AGCO-Agri-Income/AGCO-Agri-Income/index.html
2026-08-07 09:58:22,805 - [ INFO ] - --- GERANDO PÁGINA DE COTAÇÕES INTERNACIONAIS ---
2026-08-07 09:58:22,805 - [ INFO ] - --- COLETANDO HISTÓRICO DE TENDÊNCIAS (DESDE 2023) ---
2026-08-07 09:58:23,622 - [ INFO ] - Sucesso! Relatório de preços gerado em: /home/runner/work/AGCO-Agri-Income/AGCO-Agri-Income/precos.html
2026-08-10 10:13:01,991 - [ INFO ] - --- INICIANDO WEB SCRAPING ---
2026-08-10 10:13:21,997 - [ ERROR ] - Falha de conexão com o site: HTTPSConnectionPool(host='www.gov.br', port=443): Max retries exceeded with url: /agricultura/pt-br/assuntos/politica-agricola/valor-bruto-da-producao-agropecuaria-vbp (Caused by NewConnectionError("HTTPSConnection(host='www.gov.br', port=443): Failed to establish a new connection: [Errno 101] Network is unreachable"))
2026-08-10 10:13:21,997 - [ INFO ] - --- GERANDO PÁGINA DE COTAÇÕES INTERNACIONAIS ---
2026-08-10 10:13:21,997 - [ INFO ] - --- COLETANDO HISTÓRICO DE TENDÊNCIAS (DESDE 2023) ---
2026-08-10 10:13:22,633 - [ INFO ] - Sucesso! Relatório de preços gerado em: /home/runner/work/AGCO-Agri-Income/AGCO-Agri-Income/precos.html
2026-08-11 09:57:09,061 - [ INFO ] - --- INICIANDO WEB SCRAPING ---
2026-08-11 09:57:10,153 - [ INFO ] - Baixando: dashboardvbp202606.xlsx...
2026-08-11 09:57:13,076 - [ INFO ] - Baixando: copy_of_202606vbpbrasil.xlsx...
2026-08-11 09:57:15,696 - [ INFO ] - Baixando: 202605vbpbrasil.xlsx...
2026-08-11 09:57:17,108 - [ INFO ] - Baixando: 202604vbpbrasil.xlsx...
2026-08-11 09:57:18,672 - [ INFO ] - Baixando: 202603vbpbrasil.xlsx...
2026-08-11 09:57:20,072 - [ INFO ] - Baixando: 202602vbpbrasil.xlsx...
2026-08-11 09:57:21,473 - [ INFO ] - Baixando: 202601vbpbrasil.xlsx...
2026-08-11 09:57:22,887 - [ INFO ] - --- INICIANDO PROCESSAMENTO DE DADOS ---
2026-08-11 09:57:22,888 - [ WARNING ] - Nenhum arquivo encontrado com o padrão: *_volume_*.xls*
2026-08-11 09:57:22,888 - [ INFO ] - Lendo e empilhando planilha: tratado_vbp_202601vbpbrasil.xlsx (Versão: 2026 - 01)...
2026-08-11 09:57:23,318 - [ INFO ] - Lendo e empilhando planilha: tratado_vbp_202602vbpbrasil.xlsx (Versão: 2026 - 02)...
2026-08-11 09:57:23,385 - [ INFO ] - Lendo e empilhando planilha: tratado_vbp_202603vbpbrasil.xlsx (Versão: 2026 - 03)...
2026-08-11 09:57:23,451 - [ INFO ] - Lendo e empilhando planilha: tratado_vbp_202604vbpbrasil.xlsx (Versão: 2026 - 04)...
2026-08-11 09:57:23,523 - [ INFO ] - Lendo e empilhando planilha: tratado_vbp_202605vbpbrasil.xlsx (Versão: 2026 - 05)...
2026-08-11 09:57:23,638 - [ INFO ] - Lendo e empilhando planilha: tratado_vbp_copy_of_202606vbpbrasil.xlsx (Versão: 2026 - 06)...
2026-08-11 09:57:23,705 - [ INFO ] - Lendo e empilhando planilha: tratado_vbp_dashboardvbp202606.xlsx (Versão: 2026 - 06)...
2026-08-11 09:57:25,388 - [ INFO ] - Consolidação salva: base_consolidada_08-2026.xlsx
2026-08-11 09:57:25,389 - [ INFO ] - --- GERANDO DASHBOARD VISUAL (HTML) ---
2026-08-11 09:57:25,456 - [ INFO ] - Montando painel com o histórico de versões até: 2026 - 06...
2026-08-11 09:57:25,528 - [ INFO ] - Sucesso! Relatório gerado em: /home/runner/work/AGCO-Agri-Income/AGCO-Agri-Income/index.html
2026-08-11 09:57:25,529 - [ INFO ] - --- GERANDO PÁGINA DE COTAÇÕES INTERNACIONAIS ---
2026-08-11 09:57:25,529 - [ INFO ] - --- COLETANDO HISTÓRICO DE TENDÊNCIAS (DESDE 2023) ---
2026-08-11 09:57:26,578 - [ INFO ] - Sucesso! Relatório de preços gerado em: /home/runner/work/AGCO-Agri-Income/AGCO-Agri-Income/precos.html
2026-08-12 09:58:21,117 - [ INFO ] - --- INICIANDO WEB SCRAPING ---
2026-08-12 09:58:23,564 - [ INFO ] - Baixando: dashboardvbp202606.xlsx...
2026-08-12 09:58:26,396 - [ INFO ] - Baixando: copy_of_202606vbpbrasil.xlsx...
2026-08-12 09:58:28,333 - [ INFO ] - Baixando: 202605vbpbrasil.xlsx...
2026-08-12 09:58:29,577 - [ INFO ] - Baixando: 202604vbpbrasil.xlsx...
2026-08-12 09:58:30,856 - [ INFO ] - Baixando: 202603vbpbrasil.xlsx...
2026-08-12 09:58:32,099 - [ INFO ] - Baixando: 202602vbpbrasil.xlsx...
2026-08-12 09:58:33,469 - [ INFO ] - Baixando: 202601vbpbrasil.xlsx...
2026-08-12 09:58:34,847 - [ INFO ] - --- INICIANDO PROCESSAMENTO DE DADOS ---
2026-08-12 09:58:34,848 - [ WARNING ] - Nenhum arquivo encontrado com o padrão: *_volume_*.xls*
2026-08-12 09:58:34,848 - [ INFO ] - Lendo e empilhando planilha: tratado_vbp_202601vbpbrasil.xlsx (Versão: 2026 - 01)...
2026-08-12 09:58:35,044 - [ INFO ] - Lendo e empilhando planilha: tratado_vbp_202602vbpbrasil.xlsx (Versão: 2026 - 02)...
2026-08-12 09:58:35,105 - [ INFO ] - Lendo e empilhando planilha: tratado_vbp_202603vbpbrasil.xlsx (Versão: 2026 - 03)...
2026-08-12 09:58:35,166 - [ INFO ] - Lendo e empilhando planilha: tratado_vbp_202604vbpbrasil.xlsx (Versão: 2026 - 04)...
2026-08-12 09:58:35,227 - [ INFO ] - Lendo e empilhando planilha: tratado_vbp_202605vbpbrasil.xlsx (Versão: 2026 - 05)...
2026-08-12 09:58:35,313 - [ INFO ] - Lendo e empilhando planilha: tratado_vbp_copy_of_202606vbpbrasil.xlsx (Versão: 2026 - 06)...
2026-08-12 09:58:35,374 - [ INFO ] - Lendo e empilhando planilha: tratado_vbp_dashboardvbp202606.xlsx (Versão: 2026 - 06)...
2026-08-12 09:58:37,003 - [ INFO ] - Consolidação salva: base_consolidada_08-2026.xlsx
2026-08-12 09:58:37,003 - [ INFO ] - --- GERANDO DASHBOARD VISUAL (HTML) ---
2026-08-12 09:58:37,067 - [ INFO ] - Montando painel com o histórico de versões até: 2026 - 06...
2026-08-12 09:58:37,135 - [ INFO ] - Sucesso! Relatório gerado em: /home/runner/work/AGCO-Agri-Income/AGCO-Agri-Income/index.html
2026-08-12 09:58:37,136 - [ INFO ] - --- GERANDO PÁGINA DE COTAÇÕES INTERNACIONAIS ---
2026-08-12 09:58:37,136 - [ INFO ] - --- COLETANDO HISTÓRICO DE TENDÊNCIAS (DESDE 2023) ---
2026-08-12 09:58:38,067 - [ INFO ] - Sucesso! Relatório de preços gerado em: /home/runner/work/AGCO-Agri-Income/AGCO-Agri-Income/precos.html
2026-08-13 10:00:12,922 - [ INFO ] - --- INICIANDO WEB SCRAPING ---
2026-08-13 10:00:13,862 - [ INFO ] - Baixando: dashboardvbp202606.xlsx...
2026-08-13 10:00:16,826 - [ INFO ] - Baixando: copy_of_202606vbpbrasil.xlsx...
2026-08-13 10:00:18,957 - [ INFO ] - Baixando: 202605vbpbrasil.xlsx...
2026-08-13 10:00:20,448 - [ INFO ] - Baixando: 202604vbpbrasil.xlsx...
2026-08-13 10:00:21,946 - [ INFO ] - Baixando: 202603vbpbrasil.xlsx...
2026-08-13 10:00:23,432 - [ INFO ] - Baixando: 202602vbpbrasil.xlsx...
2026-08-13 10:00:24,963 - [ INFO ] - Baixando: 202601vbpbrasil.xlsx...
2026-08-13 10:00:26,460 - [ INFO ] - --- INICIANDO PROCESSAMENTO DE DADOS ---
2026-08-13 10:00:26,460 - [ WARNING ] - Nenhum arquivo encontrado com o padrão: *_volume_*.xls*
2026-08-13 10:00:26,461 - [ INFO ] - Lendo e empilhando planilha: tratado_vbp_202601vbpbrasil.xlsx (Versão: 2026 - 01)...
2026-08-13 10:00:26,628 - [ INFO ] - Lendo e empilhando planilha: tratado_vbp_202602vbpbrasil.xlsx (Versão: 2026 - 02)...
2026-08-13 10:00:26,693 - [ INFO ] - Lendo e empilhando planilha: tratado_vbp_202603vbpbrasil.xlsx (Versão: 2026 - 03)...
2026-08-13 10:00:26,758 - [ INFO ] - Lendo e empilhando planilha: tratado_vbp_202604vbpbrasil.xlsx (Versão: 2026 - 04)...
2026-08-13 10:00:26,823 - [ INFO ] - Lendo e empilhando planilha: tratado_vbp_202605vbpbrasil.xlsx (Versão: 2026 - 05)...
2026-08-13 10:00:26,910 - [ INFO ] - Lendo e empilhando planilha: tratado_vbp_copy_of_202606vbpbrasil.xlsx (Versão: 2026 - 06)...
2026-08-13 10:00:26,976 - [ INFO ] - Lendo e empilhando planilha: tratado_vbp_dashboardvbp202606.xlsx (Versão: 2026 - 06)...
2026-08-13 10:00:29,130 - [ INFO ] - Consolidação salva: base_consolidada_08-2026.xlsx
2026-08-13 10:00:29,130 - [ INFO ] - --- GERANDO DASHBOARD VISUAL (HTML) ---
2026-08-13 10:00:29,199 - [ INFO ] - Montando painel com o histórico de versões até: 2026 - 06...
2026-08-13 10:00:29,273 - [ INFO ] - Sucesso! Relatório gerado em: /home/runner/work/AGCO-Agri-Income/AGCO-Agri-Income/index.html
2026-08-13 10:00:29,274 - [ INFO ] - --- GERANDO PÁGINA DE COTAÇÕES INTERNACIONAIS ---
2026-08-13 10:00:29,274 - [ INFO ] - --- COLETANDO HISTÓRICO DE TENDÊNCIAS (DESDE 2023) ---
2026-08-13 10:00:31,167 - [ INFO ] - Sucesso! Relatório de preços gerado em: /home/runner/work/AGCO-Agri-Income/AGCO-Agri-Income/precos.html
2026-08-14 09:56:22,352 - [ INFO ] - --- INICIANDO WEB SCRAPING ---
2026-08-14 09:56:42,606 - [ ERROR ] - Falha de conexão com o site: HTTPSConnectionPool(host='www.gov.br', port=443): Max retries exceeded with url: /agricultura/pt-br/assuntos/politica-agricola/valor-bruto-da-producao-agropecuaria-vbp (Caused by NewConnectionError("HTTPSConnection(host='www.gov.br', port=443): Failed to establish a new connection: [Errno 101] Network is unreachable"))
2026-08-14 09:56:42,606 - [ INFO ] - --- GERANDO PÁGINA DE COTAÇÕES INTERNACIONAIS ---
2026-08-14 09:56:42,607 - [ INFO ] - --- COLETANDO HISTÓRICO DE TENDÊNCIAS (DESDE 2023) ---
2026-08-14 09:56:43,399 - [ INFO ] - Sucesso! Relatório de preços gerado em: /home/runner/work/AGCO-Agri-Income/AGCO-Agri-Income/precos.html
2026-08-17 09:36:20,342 - [ INFO ] - --- INICIANDO WEB SCRAPING ---
2026-08-17 09:36:21,365 - [ INFO ] - Baixando: dashboardvbp202607.xlsx...
2026-08-17 09:36:24,554 - [ INFO ] - Baixando: 202607vbpbrasil.xlsx...
2026-08-17 09:36:26,685 - [ INFO ] - Baixando: copy_of_202606vbpbrasil.xlsx...
2026-08-17 09:36:28,095 - [ INFO ] - Baixando: 202605vbpbrasil.xlsx...
2026-08-17 09:36:29,480 - [ INFO ] - Baixando: 202604vbpbrasil.xlsx...
2026-08-17 09:36:30,883 - [ INFO ] - Baixando: 202603vbpbrasil.xlsx...
2026-08-17 09:36:32,282 - [ INFO ] - Baixando: 202602vbpbrasil.xlsx...
2026-08-17 09:36:33,675 - [ INFO ] - Baixando: 202601vbpbrasil.xlsx...
2026-08-17 09:36:50,422 - [ INFO ] - --- INICIANDO PROCESSAMENTO DE DADOS ---
2026-08-17 09:36:50,423 - [ WARNING ] - Nenhum arquivo encontrado com o padrão: *_volume_*.xls*
2026-08-17 09:36:50,423 - [ INFO ] - Lendo e empilhando planilha: tratado_vbp_202601vbpbrasil.xlsx (Versão: 2026 - 01)...
2026-08-17 09:36:50,624 - [ INFO ] - Lendo e empilhando planilha: tratado_vbp_202602vbpbrasil.xlsx (Versão: 2026 - 02)...
2026-08-17 09:36:50,688 - [ INFO ] - Lendo e empilhando planilha: tratado_vbp_202603vbpbrasil.xlsx (Versão: 2026 - 03)...
2026-08-17 09:36:50,753 - [ INFO ] - Lendo e empilhando planilha: tratado_vbp_202604vbpbrasil.xlsx (Versão: 2026 - 04)...
2026-08-17 09:36:50,817 - [ INFO ] - Lendo e empilhando planilha: tratado_vbp_202605vbpbrasil.xlsx (Versão: 2026 - 05)...
2026-08-17 09:36:50,916 - [ INFO ] - Lendo e empilhando planilha: tratado_vbp_202607vbpbrasil.xlsx (Versão: 2026 - 07)...
2026-08-17 09:36:50,980 - [ INFO ] - Lendo e empilhando planilha: tratado_vbp_copy_of_202606vbpbrasil.xlsx (Versão: 2026 - 06)...
2026-08-17 09:36:51,045 - [ INFO ] - Lendo e empilhando planilha: tratado_vbp_dashboardvbp202607.xlsx (Versão: 2026 - 07)...
2026-08-17 09:36:52,694 - [ INFO ] - Consolidação salva: base_consolidada_08-2026.xlsx
2026-08-17 09:36:52,694 - [ INFO ] - --- GERANDO DASHBOARD VISUAL (HTML) ---
2026-08-17 09:36:52,769 - [ INFO ] - Montando painel com o histórico de versões até: 2026 - 07...
2026-08-17 09:36:52,881 - [ INFO ] - Sucesso! Relatório gerado em: /home/runner/work/AGCO-Agri-Income/AGCO-Agri-Income/index.html
2026-08-17 09:36:52,882 - [ INFO ] - --- GERANDO PÁGINA DE COTAÇÕES INTERNACIONAIS ---
2026-08-17 09:36:52,882 - [ INFO ] - --- COLETANDO HISTÓRICO DE TENDÊNCIAS (DESDE 2023) ---
2026-08-17 09:36:53,798 - [ INFO ] - Sucesso! Relatório de preços gerado em: /home/runner/work/AGCO-Agri-Income/AGCO-Agri-Income/precos.html
2026-08-18 09:28:05,646 - [ INFO ] - --- INICIANDO WEB SCRAPING ---
2026-08-18 09:28:06,886 - [ INFO ] - Baixando: dashboardvbp202607.xlsx...
2026-08-18 09:28:10,203 - [ INFO ] - Baixando: 202607vbpbrasil.xlsx...
2026-08-18 09:28:12,323 - [ INFO ] - Baixando: copy_of_202606vbpbrasil.xlsx...
2026-08-18 09:28:13,980 - [ INFO ] - Baixando: 202605vbpbrasil.xlsx...
2026-08-18 09:28:15,596 - [ INFO ] - Baixando: 202604vbpbrasil.xlsx...
2026-08-18 09:28:17,199 - [ INFO ] - Baixando: 202603vbpbrasil.xlsx...
2026-08-18 09:28:18,795 - [ INFO ] - Baixando: 202602vbpbrasil.xlsx...
2026-08-18 09:28:20,401 - [ INFO ] - Baixando: 202601vbpbrasil.xlsx...
2026-08-18 09:28:22,193 - [ INFO ] - --- INICIANDO PROCESSAMENTO DE DADOS ---
2026-08-18 09:28:22,193 - [ WARNING ] - Nenhum arquivo encontrado com o padrão: *_volume_*.xls*
2026-08-18 09:28:22,194 - [ INFO ] - Lendo e empilhando planilha: tratado_vbp_202601vbpbrasil.xlsx (Versão: 2026 - 01)...
2026-08-18 09:28:22,359 - [ INFO ] - Lendo e empilhando planilha: tratado_vbp_202602vbpbrasil.xlsx (Versão: 2026 - 02)...
2026-08-18 09:28:22,422 - [ INFO ] - Lendo e empilhando planilha: tratado_vbp_202603vbpbrasil.xlsx (Versão: 2026 - 03)...
2026-08-18 09:28:22,484 - [ INFO ] - Lendo e empilhando planilha: tratado_vbp_202604vbpbrasil.xlsx (Versão: 2026 - 04)...
2026-08-18 09:28:22,548 - [ INFO ] - Lendo e empilhando planilha: tratado_vbp_202605vbpbrasil.xlsx (Versão: 2026 - 05)...
2026-08-18 09:28:22,642 - [ INFO ] - Lendo e empilhando planilha: tratado_vbp_202607vbpbrasil.xlsx (Versão: 2026 - 07)...
2026-08-18 09:28:22,705 - [ INFO ] - Lendo e empilhando planilha: tratado_vbp_copy_of_202606vbpbrasil.xlsx (Versão: 2026 - 06)...
2026-08-18 09:28:22,768 - [ INFO ] - Lendo e empilhando planilha: tratado_vbp_dashboardvbp202607.xlsx (Versão: 2026 - 07)...
2026-08-18 09:28:24,439 - [ INFO ] - Consolidação salva: base_consolidada_08-2026.xlsx
2026-08-18 09:28:24,439 - [ INFO ] - --- GERANDO DASHBOARD VISUAL (HTML) ---
2026-08-18 09:28:24,515 - [ INFO ] - Montando painel com o histórico de versões até: 2026 - 07...
2026-08-18 09:28:24,626 - [ INFO ] - Sucesso! Relatório gerado em: /home/runner/work/AGCO-Agri-Income/AGCO-Agri-Income/index.html
2026-08-18 09:28:24,626 - [ INFO ] - --- GERANDO PÁGINA DE COTAÇÕES INTERNACIONAIS ---
2026-08-18 09:28:24,626 - [ INFO ] - --- COLETANDO HISTÓRICO DE TENDÊNCIAS (DESDE 2023) ---
2026-08-18 09:28:26,173 - [ INFO ] - Sucesso! Relatório de preços gerado em: /home/runner/work/AGCO-Agri-Income/AGCO-Agri-Income/precos.html
2026-08-19 09:28:55,164 - [ INFO ] - --- INICIANDO WEB SCRAPING ---
2026-08-19 09:28:57,839 - [ INFO ] - Baixando: dashboardvbp202607.xlsx...
2026-08-19 09:29:00,941 - [ INFO ] - Baixando: 202607vbpbrasil.xlsx...
2026-08-19 09:29:03,089 - [ INFO ] - Baixando: copy_of_202606vbpbrasil.xlsx...
2026-08-19 09:29:04,558 - [ INFO ] - Baixando: 202605vbpbrasil.xlsx...
2026-08-19 09:29:06,212 - [ INFO ] - Baixando: 202604vbpbrasil.xlsx...
2026-08-19 09:29:07,978 - [ INFO ] - Baixando: 202603vbpbrasil.xlsx...
2026-08-19 09:29:09,786 - [ INFO ] - Baixando: 202602vbpbrasil.xlsx...
2026-08-19 09:29:11,451 - [ INFO ] - Baixando: 202601vbpbrasil.xlsx...
2026-08-19 09:29:12,917 - [ INFO ] - --- INICIANDO PROCESSAMENTO DE DADOS ---
2026-08-19 09:29:12,918 - [ WARNING ] - Nenhum arquivo encontrado com o padrão: *_volume_*.xls*
2026-08-19 09:29:12,918 - [ INFO ] - Lendo e empilhando planilha: tratado_vbp_202601vbpbrasil.xlsx (Versão: 2026 - 01)...
2026-08-19 09:29:13,087 - [ INFO ] - Lendo e empilhando planilha: tratado_vbp_202602vbpbrasil.xlsx (Versão: 2026 - 02)...
2026-08-19 09:29:13,154 - [ INFO ] - Lendo e empilhando planilha: tratado_vbp_202603vbpbrasil.xlsx (Versão: 2026 - 03)...
2026-08-19 09:29:13,221 - [ INFO ] - Lendo e empilhando planilha: tratado_vbp_202604vbpbrasil.xlsx (Versão: 2026 - 04)...
2026-08-19 09:29:13,288 - [ INFO ] - Lendo e empilhando planilha: tratado_vbp_202605vbpbrasil.xlsx (Versão: 2026 - 05)...
2026-08-19 09:29:13,380 - [ INFO ] - Lendo e empilhando planilha: tratado_vbp_202607vbpbrasil.xlsx (Versão: 2026 - 07)...
2026-08-19 09:29:13,447 - [ INFO ] - Lendo e empilhando planilha: tratado_vbp_copy_of_202606vbpbrasil.xlsx (Versão: 2026 - 06)...
2026-08-19 09:29:13,515 - [ INFO ] - Lendo e empilhando planilha: tratado_vbp_dashboardvbp202607.xlsx (Versão: 2026 - 07)...
2026-08-19 09:29:15,721 - [ INFO ] - Consolidação salva: base_consolidada_08-2026.xlsx
2026-08-19 09:29:15,721 - [ INFO ] - --- GERANDO DASHBOARD VISUAL (HTML) ---
2026-08-19 09:29:15,802 - [ INFO ] - Montando painel com o histórico de versões até: 2026 - 07...
2026-08-19 09:29:15,911 - [ INFO ] - Sucesso! Relatório gerado em: /home/runner/work/AGCO-Agri-Income/AGCO-Agri-Income/index.html
2026-08-19 09:29:15,911 - [ INFO ] - --- GERANDO PÁGINA DE COTAÇÕES INTERNACIONAIS ---
2026-08-19 09:29:15,912 - [ INFO ] - --- COLETANDO HISTÓRICO DE TENDÊNCIAS (DESDE 2023) ---
2026-08-19 09:29:17,654 - [ INFO ] - Sucesso! Relatório de preços gerado em: /home/runner/work/AGCO-Agri-Income/AGCO-Agri-Income/precos.html
2026-08-20 09:29:30,321 - [ INFO ] - --- INICIANDO WEB SCRAPING ---
2026-08-20 09:29:33,045 - [ INFO ] - Baixando: dashboardvbp202607.xlsx...
2026-08-20 09:29:36,723 - [ INFO ] - Baixando: 202607vbpbrasil.xlsx...
2026-08-20 09:29:39,488 - [ INFO ] - Baixando: copy_of_202606vbpbrasil.xlsx...
2026-08-20 09:29:41,220 - [ INFO ] - Baixando: 202605vbpbrasil.xlsx...
2026-08-20 09:29:42,921 - [ INFO ] - Baixando: 202604vbpbrasil.xlsx...
2026-08-20 09:29:44,785 - [ INFO ] - Baixando: 202603vbpbrasil.xlsx...
2026-08-20 09:29:46,477 - [ INFO ] - Baixando: 202602vbpbrasil.xlsx...
2026-08-20 09:29:48,332 - [ INFO ] - Baixando: 202601vbpbrasil.xlsx...
2026-08-20 09:29:50,014 - [ INFO ] - --- INICIANDO PROCESSAMENTO DE DADOS ---
2026-08-20 09:29:50,015 - [ WARNING ] - Nenhum arquivo encontrado com o padrão: *_volume_*.xls*
2026-08-20 09:29:50,015 - [ INFO ] - Lendo e empilhando planilha: tratado_vbp_202601vbpbrasil.xlsx (Versão: 2026 - 01)...
2026-08-20 09:29:50,148 - [ INFO ] - Lendo e empilhando planilha: tratado_vbp_202602vbpbrasil.xlsx (Versão: 2026 - 02)...
2026-08-20 09:29:50,198 - [ INFO ] - Lendo e empilhando planilha: tratado_vbp_202603vbpbrasil.xlsx (Versão: 2026 - 03)...
2026-08-20 09:29:50,247 - [ INFO ] - Lendo e empilhando planilha: tratado_vbp_202604vbpbrasil.xlsx (Versão: 2026 - 04)...
2026-08-20 09:29:50,296 - [ INFO ] - Lendo e empilhando planilha: tratado_vbp_202605vbpbrasil.xlsx (Versão: 2026 - 05)...
2026-08-20 09:29:50,365 - [ INFO ] - Lendo e empilhando planilha: tratado_vbp_202607vbpbrasil.xlsx (Versão: 2026 - 07)...
2026-08-20 09:29:50,414 - [ INFO ] - Lendo e empilhando planilha: tratado_vbp_copy_of_202606vbpbrasil.xlsx (Versão: 2026 - 06)...
2026-08-20 09:29:50,462 - [ INFO ] - Lendo e empilhando planilha: tratado_vbp_dashboardvbp202607.xlsx (Versão: 2026 - 07)...
2026-08-20 09:29:51,819 - [ INFO ] - Consolidação salva: base_consolidada_08-2026.xlsx
2026-08-20 09:29:51,820 - [ INFO ] - --- GERANDO DASHBOARD VISUAL (HTML) ---
2026-08-20 09:29:51,876 - [ INFO ] - Montando painel com o histórico de versões até: 2026 - 07...
2026-08-20 09:29:51,959 - [ INFO ] - Sucesso! Relatório gerado em: /home/runner/work/AGCO-Agri-Income/AGCO-Agri-Income/index.html
2026-08-20 09:29:51,959 - [ INFO ] - --- GERANDO PÁGINA DE COTAÇÕES INTERNACIONAIS ---
2026-08-20 09:29:51,959 - [ INFO ] - --- COLETANDO HISTÓRICO DE TENDÊNCIAS (DESDE 2023) ---
2026-08-20 09:29:53,140 - [ INFO ] - Sucesso! Relatório de preços gerado em: /home/runner/work/AGCO-Agri-Income/AGCO-Agri-Income/precos.html
2026-08-21 09:32:17,449 - [ INFO ] - --- INICIANDO WEB SCRAPING ---
2026-08-21 09:32:18,450 - [ INFO ] - Baixando: dashboardvbp202607.xlsx...
2026-08-21 09:32:21,815 - [ INFO ] - Baixando: 202607vbpbrasil.xlsx...
2026-08-21 09:32:24,192 - [ INFO ] - Baixando: copy_of_202606vbpbrasil.xlsx...
2026-08-21 09:32:25,656 - [ INFO ] - Baixando: 202605vbpbrasil.xlsx...
2026-08-21 09:32:27,282 - [ INFO ] - Baixando: 202604vbpbrasil.xlsx...
2026-08-21 09:32:28,775 - [ INFO ] - Baixando: 202603vbpbrasil.xlsx...
2026-08-21 09:32:30,403 - [ INFO ] - Baixando: 202602vbpbrasil.xlsx...
2026-08-21 09:32:32,016 - [ INFO ] - Baixando: 202601vbpbrasil.xlsx...
2026-08-21 09:32:33,457 - [ INFO ] - --- INICIANDO PROCESSAMENTO DE DADOS ---
2026-08-21 09:32:33,458 - [ WARNING ] - Nenhum arquivo encontrado com o padrão: *_volume_*.xls*
2026-08-21 09:32:33,458 - [ INFO ] - Lendo e empilhando planilha: tratado_vbp_202601vbpbrasil.xlsx (Versão: 2026 - 01)...
2026-08-21 09:32:33,620 - [ INFO ] - Lendo e empilhando planilha: tratado_vbp_202602vbpbrasil.xlsx (Versão: 2026 - 02)...
2026-08-21 09:32:33,683 - [ INFO ] - Lendo e empilhando planilha: tratado_vbp_202603vbpbrasil.xlsx (Versão: 2026 - 03)...
2026-08-21 09:32:33,746 - [ INFO ] - Lendo e empilhando planilha: tratado_vbp_202604vbpbrasil.xlsx (Versão: 2026 - 04)...
2026-08-21 09:32:33,809 - [ INFO ] - Lendo e empilhando planilha: tratado_vbp_202605vbpbrasil.xlsx (Versão: 2026 - 05)...
2026-08-21 09:32:33,899 - [ INFO ] - Lendo e empilhando planilha: tratado_vbp_202607vbpbrasil.xlsx (Versão: 2026 - 07)...
2026-08-21 09:32:33,962 - [ INFO ] - Lendo e empilhando planilha: tratado_vbp_copy_of_202606vbpbrasil.xlsx (Versão: 2026 - 06)...
2026-08-21 09:32:34,025 - [ INFO ] - Lendo e empilhando planilha: tratado_vbp_dashboardvbp202607.xlsx (Versão: 2026 - 07)...
2026-08-21 09:32:35,685 - [ INFO ] - Consolidação salva: base_consolidada_08-2026.xlsx
2026-08-21 09:32:35,685 - [ INFO ] - --- GERANDO DASHBOARD VISUAL (HTML) ---
2026-08-21 09:32:35,759 - [ INFO ] - Montando painel com o histórico de versões até: 2026 - 07...
2026-08-21 09:32:35,860 - [ INFO ] - Sucesso! Relatório gerado em: /home/runner/work/AGCO-Agri-Income/AGCO-Agri-Income/index.html
2026-08-21 09:32:35,860 - [ INFO ] - --- GERANDO PÁGINA DE COTAÇÕES INTERNACIONAIS ---
2026-08-21 09:32:35,860 - [ INFO ] - --- COLETANDO HISTÓRICO DE TENDÊNCIAS (DESDE 2023) ---
2026-08-21 09:32:37,695 - [ INFO ] - Sucesso! Relatório de preços gerado em: /home/runner/work/AGCO-Agri-Income/AGCO-Agri-Income/precos.html
2026-08-24 09:42:05,192 - [ INFO ] - --- INICIANDO WEB SCRAPING ---
2026-08-24 09:42:09,290 - [ INFO ] - Baixando: dashboardvbp202607.xlsx...
2026-08-24 09:42:12,956 - [ INFO ] - Baixando: 202607vbpbrasil.xlsx...
2026-08-24 09:42:15,388 - [ INFO ] - Baixando: copy_of_202606vbpbrasil.xlsx...
2026-08-24 09:42:17,054 - [ INFO ] - Baixando: 202605vbpbrasil.xlsx...
2026-08-24 09:42:18,677 - [ INFO ] - Baixando: 202604vbpbrasil.xlsx...
2026-08-24 09:42:20,322 - [ INFO ] - Baixando: 202603vbpbrasil.xlsx...
2026-08-24 09:42:21,951 - [ INFO ] - Baixando: 202602vbpbrasil.xlsx...
2026-08-24 09:42:23,585 - [ INFO ] - Baixando: 202601vbpbrasil.xlsx...
2026-08-24 09:42:25,226 - [ INFO ] - --- INICIANDO PROCESSAMENTO DE DADOS ---
2026-08-24 09:42:25,226 - [ WARNING ] - Nenhum arquivo encontrado com o padrão: *_volume_*.xls*
2026-08-24 09:42:25,227 - [ INFO ] - Lendo e empilhando planilha: tratado_vbp_202601vbpbrasil.xlsx (Versão: 2026 - 01)...
2026-08-24 09:42:25,382 - [ INFO ] - Lendo e empilhando planilha: tratado_vbp_202602vbpbrasil.xlsx (Versão: 2026 - 02)...
2026-08-24 09:42:25,434 - [ INFO ] - Lendo e empilhando planilha: tratado_vbp_202603vbpbrasil.xlsx (Versão: 2026 - 03)...
2026-08-24 09:42:25,482 - [ INFO ] - Lendo e empilhando planilha: tratado_vbp_202604vbpbrasil.xlsx (Versão: 2026 - 04)...
2026-08-24 09:42:25,534 - [ INFO ] - Lendo e empilhando planilha: tratado_vbp_202605vbpbrasil.xlsx (Versão: 2026 - 05)...
2026-08-24 09:42:25,627 - [ INFO ] - Lendo e empilhando planilha: tratado_vbp_202607vbpbrasil.xlsx (Versão: 2026 - 07)...
2026-08-24 09:42:25,694 - [ INFO ] - Lendo e empilhando planilha: tratado_vbp_copy_of_202606vbpbrasil.xlsx (Versão: 2026 - 06)...
2026-08-24 09:42:25,747 - [ INFO ] - Lendo e empilhando planilha: tratado_vbp_dashboardvbp202607.xlsx (Versão: 2026 - 07)...
2026-08-24 09:42:27,037 - [ INFO ] - Consolidação salva: base_consolidada_08-2026.xlsx
2026-08-24 09:42:27,037 - [ INFO ] - --- GERANDO DASHBOARD VISUAL (HTML) ---
2026-08-24 09:42:27,085 - [ INFO ] - Montando painel com o histórico de versões até: 2026 - 07...
2026-08-24 09:42:27,170 - [ INFO ] - Sucesso! Relatório gerado em: /home/runner/work/AGCO-Agri-Income/AGCO-Agri-Income/index.html
2026-08-24 09:42:27,170 - [ INFO ] - --- GERANDO PÁGINA DE COTAÇÕES INTERNACIONAIS ---
2026-08-24 09:42:27,170 - [ INFO ] - --- COLETANDO HISTÓRICO DE TENDÊNCIAS (DESDE 2023) ---
2026-08-24 09:42:28,807 - [ INFO ] - Sucesso! Relatório de preços gerado em: /home/runner/work/AGCO-Agri-Income/AGCO-Agri-Income/precos.html
2026-08-25 09:31:09,241 - [ INFO ] - --- INICIANDO WEB SCRAPING ---
2026-08-25 09:31:10,116 - [ INFO ] - Baixando: dashboardvbp202607.xlsx...
2026-08-25 09:31:12,545 - [ INFO ] - Baixando: 202607vbpbrasil.xlsx...
2026-08-25 09:31:14,715 - [ INFO ] - Baixando: copy_of_202606vbpbrasil.xlsx...
2026-08-25 09:31:16,093 - [ INFO ] - Baixando: 202605vbpbrasil.xlsx...
2026-08-25 09:31:17,457 - [ INFO ] - Baixando: 202604vbpbrasil.xlsx...
2026-08-25 09:31:18,837 - [ INFO ] - Baixando: 202603vbpbrasil.xlsx...
2026-08-25 09:31:20,204 - [ INFO ] - Baixando: 202602vbpbrasil.xlsx...
2026-08-25 09:31:21,440 - [ INFO ] - Baixando: 202601vbpbrasil.xlsx...
2026-08-25 09:31:22,820 - [ INFO ] - --- INICIANDO PROCESSAMENTO DE DADOS ---
2026-08-25 09:31:22,821 - [ WARNING ] - Nenhum arquivo encontrado com o padrão: *_volume_*.xls*
2026-08-25 09:31:22,821 - [ INFO ] - Lendo e empilhando planilha: tratado_vbp_202601vbpbrasil.xlsx (Versão: 2026 - 01)...
2026-08-25 09:31:22,984 - [ INFO ] - Lendo e empilhando planilha: tratado_vbp_202602vbpbrasil.xlsx (Versão: 2026 - 02)...
2026-08-25 09:31:23,047 - [ INFO ] - Lendo e empilhando planilha: tratado_vbp_202603vbpbrasil.xlsx (Versão: 2026 - 03)...
2026-08-25 09:31:23,111 - [ INFO ] - Lendo e empilhando planilha: tratado_vbp_202604vbpbrasil.xlsx (Versão: 2026 - 04)...
2026-08-25 09:31:23,175 - [ INFO ] - Lendo e empilhando planilha: tratado_vbp_202605vbpbrasil.xlsx (Versão: 2026 - 05)...
2026-08-25 09:31:23,271 - [ INFO ] - Lendo e empilhando planilha: tratado_vbp_202607vbpbrasil.xlsx (Versão: 2026 - 07)...
2026-08-25 09:31:23,335 - [ INFO ] - Lendo e empilhando planilha: tratado_vbp_copy_of_202606vbpbrasil.xlsx (Versão: 2026 - 06)...
2026-08-25 09:31:23,398 - [ INFO ] - Lendo e empilhando planilha: tratado_vbp_dashboardvbp202607.xlsx (Versão: 2026 - 07)...
2026-08-25 09:31:25,079 - [ INFO ] - Consolidação salva: base_consolidada_08-2026.xlsx
2026-08-25 09:31:25,080 - [ INFO ] - --- GERANDO DASHBOARD VISUAL (HTML) ---
2026-08-25 09:31:25,153 - [ INFO ] - Montando painel com o histórico de versões até: 2026 - 07...
2026-08-25 09:31:25,256 - [ INFO ] - Sucesso! Relatório gerado em: /home/runner/work/AGCO-Agri-Income/AGCO-Agri-Income/index.html
2026-08-25 09:31:25,257 - [ INFO ] - --- GERANDO PÁGINA DE COTAÇÕES INTERNACIONAIS ---
2026-08-25 09:31:25,257 - [ INFO ] - --- COLETANDO HISTÓRICO DE TENDÊNCIAS (DESDE 2023) ---
2026-08-25 09:31:25,415 - [ ERROR ] - Erro yfinance soja: Too Many Requests. Rate limited. Try after a while.
2026-08-25 09:31:26,195 - [ INFO ] - Sucesso! Relatório de preços gerado em: /home/runner/work/AGCO-Agri-Income/AGCO-Agri-Income/precos.html
2026-08-26 09:36:20,466 - [ INFO ] - --- INICIANDO WEB SCRAPING ---
2026-08-26 09:36:21,446 - [ INFO ] - Baixando: dashboardvbp202607.xlsx...
2026-08-26 09:36:23,991 - [ INFO ] - Baixando: 202607vbpbrasil.xlsx...
2026-08-26 09:36:25,768 - [ INFO ] - Baixando: copy_of_202606vbpbrasil.xlsx...
2026-08-26 09:36:26,885 - [ INFO ] - Baixando: 202605vbpbrasil.xlsx...
2026-08-26 09:36:28,128 - [ INFO ] - Baixando: 202604vbpbrasil.xlsx...
2026-08-26 09:36:29,407 - [ INFO ] - Baixando: 202603vbpbrasil.xlsx...
2026-08-26 09:36:30,661 - [ INFO ] - Baixando: 202602vbpbrasil.xlsx...
2026-08-26 09:36:31,907 - [ INFO ] - Baixando: 202601vbpbrasil.xlsx...
2026-08-26 09:36:33,437 - [ INFO ] - --- INICIANDO PROCESSAMENTO DE DADOS ---
2026-08-26 09:36:33,437 - [ WARNING ] - Nenhum arquivo encontrado com o padrão: *_volume_*.xls*
2026-08-26 09:36:33,438 - [ INFO ] - Lendo e empilhando planilha: tratado_vbp_202601vbpbrasil.xlsx (Versão: 2026 - 01)...
2026-08-26 09:36:33,599 - [ INFO ] - Lendo e empilhando planilha: tratado_vbp_202602vbpbrasil.xlsx (Versão: 2026 - 02)...
2026-08-26 09:36:33,661 - [ INFO ] - Lendo e empilhando planilha: tratado_vbp_202603vbpbrasil.xlsx (Versão: 2026 - 03)...
2026-08-26 09:36:33,723 - [ INFO ] - Lendo e empilhando planilha: tratado_vbp_202604vbpbrasil.xlsx (Versão: 2026 - 04)...
2026-08-26 09:36:33,792 - [ INFO ] - Lendo e empilhando planilha: tratado_vbp_202605vbpbrasil.xlsx (Versão: 2026 - 05)...
2026-08-26 09:36:33,884 - [ INFO ] - Lendo e empilhando planilha: tratado_vbp_202607vbpbrasil.xlsx (Versão: 2026 - 07)...
2026-08-26 09:36:33,947 - [ INFO ] - Lendo e empilhando planilha: tratado_vbp_copy_of_202606vbpbrasil.xlsx (Versão: 2026 - 06)...
2026-08-26 09:36:34,009 - [ INFO ] - Lendo e empilhando planilha: tratado_vbp_dashboardvbp202607.xlsx (Versão: 2026 - 07)...
2026-08-26 09:36:35,673 - [ INFO ] - Consolidação salva: base_consolidada_08-2026.xlsx
2026-08-26 09:36:35,673 - [ INFO ] - --- GERANDO DASHBOARD VISUAL (HTML) ---
2026-08-26 09:36:35,747 - [ INFO ] - Montando painel com o histórico de versões até: 2026 - 07...
2026-08-26 09:36:35,854 - [ INFO ] - Sucesso! Relatório gerado em: /home/runner/work/AGCO-Agri-Income/AGCO-Agri-Income/index.html
2026-08-26 09:36:35,855 - [ INFO ] - --- GERANDO PÁGINA DE COTAÇÕES INTERNACIONAIS ---
2026-08-26 09:36:35,855 - [ INFO ] - --- COLETANDO HISTÓRICO DE TENDÊNCIAS (DESDE 2023) ---
2026-08-26 09:36:36,806 - [ INFO ] - Sucesso! Relatório de preços gerado em: /home/runner/work/AGCO-Agri-Income/AGCO-Agri-Income/precos.html
2026-08-27 19:24:09,873 - [ INFO ] - --- INICIANDO WEB SCRAPING ---
2026-08-27 19:24:12,867 - [ INFO ] - Baixando: dashboardvbp202607.xlsx...
2026-08-27 19:24:16,232 - [ INFO ] - Baixando: 202607vbpbrasil.xlsx...
2026-08-27 19:24:18,431 - [ INFO ] - Baixando: copy_of_202606vbpbrasil.xlsx...
2026-08-27 19:24:19,851 - [ INFO ] - Baixando: 202605vbpbrasil.xlsx...
2026-08-27 19:24:21,276 - [ INFO ] - Baixando: 202604vbpbrasil.xlsx...
2026-08-27 19:24:22,697 - [ INFO ] - Baixando: 202603vbpbrasil.xlsx...
2026-08-27 19:24:24,130 - [ INFO ] - Baixando: 202602vbpbrasil.xlsx...
2026-08-27 19:24:25,549 - [ INFO ] - Baixando: 202601vbpbrasil.xlsx...
2026-08-27 19:24:27,011 - [ INFO ] - --- INICIANDO PROCESSAMENTO DE DADOS ---
2026-08-27 19:24:27,011 - [ WARNING ] - Nenhum arquivo encontrado com o padrão: *_volume_*.xls*
2026-08-27 19:24:27,012 - [ INFO ] - Lendo e empilhando planilha: tratado_vbp_202601vbpbrasil.xlsx (Versão: 2026 - 01)...
2026-08-27 19:24:27,245 - [ INFO ] - Lendo e empilhando planilha: tratado_vbp_202602vbpbrasil.xlsx (Versão: 2026 - 02)...
2026-08-27 19:24:27,304 - [ INFO ] - Lendo e empilhando planilha: tratado_vbp_202603vbpbrasil.xlsx (Versão: 2026 - 03)...
2026-08-27 19:24:27,363 - [ INFO ] - Lendo e empilhando planilha: tratado_vbp_202604vbpbrasil.xlsx (Versão: 2026 - 04)...
2026-08-27 19:24:27,422 - [ INFO ] - Lendo e empilhando planilha: tratado_vbp_202605vbpbrasil.xlsx (Versão: 2026 - 05)...
2026-08-27 19:24:27,511 - [ INFO ] - Lendo e empilhando planilha: tratado_vbp_202607vbpbrasil.xlsx (Versão: 2026 - 07)...
2026-08-27 19:24:27,570 - [ INFO ] - Lendo e empilhando planilha: tratado_vbp_copy_of_202606vbpbrasil.xlsx (Versão: 2026 - 06)...
2026-08-27 19:24:27,629 - [ INFO ] - Lendo e empilhando planilha: tratado_vbp_dashboardvbp202607.xlsx (Versão: 2026 - 07)...
2026-08-27 19:24:29,176 - [ INFO ] - Consolidação salva: base_consolidada_08-2026.xlsx
2026-08-27 19:24:29,176 - [ INFO ] - --- GERANDO DASHBOARD VISUAL (HTML) ---
2026-08-27 19:24:29,242 - [ INFO ] - Montando painel com o histórico de versões até: 2026 - 07...
2026-08-27 19:24:29,346 - [ INFO ] - Sucesso! Relatório gerado em: /home/runner/work/AGCO-Agri-Income/AGCO-Agri-Income/index.html
2026-08-27 19:24:29,346 - [ INFO ] - --- GERANDO PÁGINA DE COTAÇÕES INTERNACIONAIS ---
2026-08-27 19:24:29,346 - [ INFO ] - --- COLETANDO HISTÓRICO DE TENDÊNCIAS (DESDE 2023) ---
2026-08-27 19:24:30,411 - [ INFO ] - Sucesso! Relatório de preços gerado em: /home/runner/work/AGCO-Agri-Income/AGCO-Agri-Income/precos.html
2026-08-28 20:39:56,626 - [ INFO ] - --- INICIANDO WEB SCRAPING ---
2026-08-28 20:39:57,765 - [ INFO ] - Baixando: dashboardvbp202607.xlsx...
2026-08-28 20:40:00,904 - [ INFO ] - Baixando: 202607vbpbrasil.xlsx...
2026-08-28 20:40:03,546 - [ INFO ] - Baixando: copy_of_202606vbpbrasil.xlsx...
2026-08-28 20:40:05,161 - [ INFO ] - Baixando: 202605vbpbrasil.xlsx...
2026-08-28 20:40:06,775 - [ INFO ] - Baixando: 202604vbpbrasil.xlsx...
2026-08-28 20:40:08,727 - [ INFO ] - Baixando: 202603vbpbrasil.xlsx...
2026-08-28 20:40:10,518 - [ INFO ] - Baixando: 202602vbpbrasil.xlsx...
2026-08-28 20:40:12,356 - [ INFO ] - Baixando: 202601vbpbrasil.xlsx...
2026-08-28 20:40:13,966 - [ INFO ] - --- INICIANDO PROCESSAMENTO DE DADOS ---
2026-08-28 20:40:13,966 - [ WARNING ] - Nenhum arquivo encontrado com o padrão: *_volume_*.xls*
2026-08-28 20:40:13,967 - [ INFO ] - Lendo e empilhando planilha: tratado_vbp_202601vbpbrasil.xlsx (Versão: 2026 - 01)...
2026-08-28 20:40:14,148 - [ INFO ] - Lendo e empilhando planilha: tratado_vbp_202602vbpbrasil.xlsx (Versão: 2026 - 02)...
2026-08-28 20:40:14,209 - [ INFO ] - Lendo e empilhando planilha: tratado_vbp_202603vbpbrasil.xlsx (Versão: 2026 - 03)...
2026-08-28 20:40:14,272 - [ INFO ] - Lendo e empilhando planilha: tratado_vbp_202604vbpbrasil.xlsx (Versão: 2026 - 04)...
2026-08-28 20:40:14,333 - [ INFO ] - Lendo e empilhando planilha: tratado_vbp_202605vbpbrasil.xlsx (Versão: 2026 - 05)...
2026-08-28 20:40:14,416 - [ INFO ] - Lendo e empilhando planilha: tratado_vbp_202607vbpbrasil.xlsx (Versão: 2026 - 07)...
2026-08-28 20:40:14,478 - [ INFO ] - Lendo e empilhando planilha: tratado_vbp_copy_of_202606vbpbrasil.xlsx (Versão: 2026 - 06)...
2026-08-28 20:40:14,539 - [ INFO ] - Lendo e empilhando planilha: tratado_vbp_dashboardvbp202607.xlsx (Versão: 2026 - 07)...
2026-08-28 20:40:16,301 - [ INFO ] - Consolidação salva: base_consolidada_08-2026.xlsx
2026-08-28 20:40:16,302 - [ INFO ] - --- GERANDO DASHBOARD VISUAL (HTML) ---
2026-08-28 20:40:16,374 - [ INFO ] - Montando painel com o histórico de versões até: 2026 - 07...
2026-08-28 20:40:16,472 - [ INFO ] - Sucesso! Relatório gerado em: /home/runner/work/AGCO-Agri-Income/AGCO-Agri-Income/index.html
2026-08-28 20:40:16,472 - [ INFO ] - --- GERANDO PÁGINA DE COTAÇÕES INTERNACIONAIS ---
2026-08-28 20:40:16,472 - [ INFO ] - --- COLETANDO HISTÓRICO DE TENDÊNCIAS (DESDE 2023) ---
2026-08-28 20:40:18,071 - [ INFO ] - Sucesso! Relatório de preços gerado em: /home/runner/work/AGCO-Agri-Income/AGCO-Agri-Income/precos.html
2026-08-31 16:40:13,123 - [ INFO ] - --- INICIANDO WEB SCRAPING ---
2026-08-31 16:40:15,989 - [ INFO ] - Baixando: dashboardvbp202607.xlsx...
2026-08-31 16:40:18,781 - [ INFO ] - Baixando: 202607vbpbrasil.xlsx...
2026-08-31 16:40:21,889 - [ INFO ] - Baixando: copy_of_202606vbpbrasil.xlsx...
2026-08-31 16:40:23,332 - [ INFO ] - Baixando: 202605vbpbrasil.xlsx...
2026-08-31 16:40:24,917 - [ INFO ] - Baixando: 202604vbpbrasil.xlsx...
2026-08-31 16:40:26,577 - [ INFO ] - Baixando: 202603vbpbrasil.xlsx...
2026-08-31 16:40:28,102 - [ INFO ] - Baixando: 202602vbpbrasil.xlsx...
2026-08-31 16:40:29,784 - [ INFO ] - Baixando: 202601vbpbrasil.xlsx...
2026-08-31 16:40:31,410 - [ INFO ] - --- INICIANDO PROCESSAMENTO DE DADOS ---
2026-08-31 16:40:31,410 - [ WARNING ] - Nenhum arquivo encontrado com o padrão: *_volume_*.xls*
2026-08-31 16:40:31,410 - [ INFO ] - Lendo e empilhando planilha: tratado_vbp_202601vbpbrasil.xlsx (Versão: 2026 - 01)...
2026-08-31 16:40:31,606 - [ INFO ] - Lendo e empilhando planilha: tratado_vbp_202602vbpbrasil.xlsx (Versão: 2026 - 02)...
2026-08-31 16:40:31,647 - [ INFO ] - Lendo e empilhando planilha: tratado_vbp_202603vbpbrasil.xlsx (Versão: 2026 - 03)...
2026-08-31 16:40:31,688 - [ INFO ] - Lendo e empilhando planilha: tratado_vbp_202604vbpbrasil.xlsx (Versão: 2026 - 04)...
2026-08-31 16:40:31,730 - [ INFO ] - Lendo e empilhando planilha: tratado_vbp_202605vbpbrasil.xlsx (Versão: 2026 - 05)...
2026-08-31 16:40:31,797 - [ INFO ] - Lendo e empilhando planilha: tratado_vbp_202607vbpbrasil.xlsx (Versão: 2026 - 07)...
2026-08-31 16:40:31,838 - [ INFO ] - Lendo e empilhando planilha: tratado_vbp_copy_of_202606vbpbrasil.xlsx (Versão: 2026 - 06)...
2026-08-31 16:40:31,880 - [ INFO ] - Lendo e empilhando planilha: tratado_vbp_dashboardvbp202607.xlsx (Versão: 2026 - 07)...
2026-08-31 16:40:32,989 - [ INFO ] - Consolidação salva: base_consolidada_08-2026.xlsx
2026-08-31 16:40:32,989 - [ INFO ] - --- GERANDO DASHBOARD VISUAL (HTML) ---
2026-08-31 16:40:33,036 - [ INFO ] - Montando painel com o histórico de versões até: 2026 - 07...
2026-08-31 16:40:33,114 - [ INFO ] - Sucesso! Relatório gerado em: /home/runner/work/AGCO-Agri-Income/AGCO-Agri-Income/index.html
2026-08-31 16:40:33,114 - [ INFO ] - --- GERANDO PÁGINA DE COTAÇÕES INTERNACIONAIS ---
2026-08-31 16:40:33,114 - [ INFO ] - --- COLETANDO HISTÓRICO DE TENDÊNCIAS (DESDE 2023) ---
2026-08-31 16:40:34,709 - [ INFO ] - Sucesso! Relatório de preços gerado em: /home/runner/work/AGCO-Agri-Income/AGCO-Agri-Income/precos.html
2026-09-01 13:53:53,870 - [ INFO ] - --- INICIANDO WEB SCRAPING ---
2026-09-01 13:54:14,274 - [ ERROR ] - Falha de conexão com o site: HTTPSConnectionPool(host='www.gov.br', port=443): Max retries exceeded with url: /agricultura/pt-br/assuntos/politica-agricola/valor-bruto-da-producao-agropecuaria-vbp (Caused by NewConnectionError("HTTPSConnection(host='www.gov.br', port=443): Failed to establish a new connection: [Errno 101] Network is unreachable"))
2026-09-01 13:54:14,274 - [ INFO ] - --- GERANDO PÁGINA DE COTAÇÕES INTERNACIONAIS ---
2026-09-01 13:54:14,274 - [ INFO ] - --- COLETANDO HISTÓRICO DE TENDÊNCIAS (DESDE 2023) ---
2026-09-01 13:54:14,860 - [ INFO ] - Sucesso! Relatório de preços gerado em: /home/runner/work/AGCO-Agri-Income/AGCO-Agri-Income/precos.html
2026-09-02 13:11:39,514 - [ INFO ] - --- INICIANDO WEB SCRAPING ---
2026-09-02 13:11:40,593 - [ INFO ] - Baixando: dashboardvbp202607.xlsx...
2026-09-02 13:11:43,930 - [ INFO ] - Baixando: 202607vbpbrasil.xlsx...
2026-09-02 13:11:46,472 - [ INFO ] - Baixando: copy_of_202606vbpbrasil.xlsx...
2026-09-02 13:11:48,472 - [ INFO ] - Baixando: 202605vbpbrasil.xlsx...
2026-09-02 13:11:50,227 - [ INFO ] - Baixando: 202604vbpbrasil.xlsx...
2026-09-02 13:11:52,028 - [ INFO ] - Baixando: 202603vbpbrasil.xlsx...
2026-09-02 13:11:53,799 - [ INFO ] - Baixando: 202602vbpbrasil.xlsx...
2026-09-02 13:11:55,561 - [ INFO ] - Baixando: 202601vbpbrasil.xlsx...
2026-09-02 13:11:57,342 - [ INFO ] - --- INICIANDO PROCESSAMENTO DE DADOS ---
2026-09-02 13:11:57,343 - [ WARNING ] - Nenhum arquivo encontrado com o padrão: *_volume_*.xls*
2026-09-02 13:11:57,343 - [ INFO ] - Lendo e empilhando planilha: tratado_vbp_202601vbpbrasil.xlsx (Versão: 2026 - 01)...
2026-09-02 13:11:57,582 - [ INFO ] - Lendo e empilhando planilha: tratado_vbp_202602vbpbrasil.xlsx (Versão: 2026 - 02)...
2026-09-02 13:11:57,650 - [ INFO ] - Lendo e empilhando planilha: tratado_vbp_202603vbpbrasil.xlsx (Versão: 2026 - 03)...
2026-09-02 13:11:57,718 - [ INFO ] - Lendo e empilhando planilha: tratado_vbp_202604vbpbrasil.xlsx (Versão: 2026 - 04)...
2026-09-02 13:11:57,786 - [ INFO ] - Lendo e empilhando planilha: tratado_vbp_202605vbpbrasil.xlsx (Versão: 2026 - 05)...
2026-09-02 13:11:57,879 - [ INFO ] - Lendo e empilhando planilha: tratado_vbp_202607vbpbrasil.xlsx (Versão: 2026 - 07)...
2026-09-02 13:11:57,947 - [ INFO ] - Lendo e empilhando planilha: tratado_vbp_copy_of_202606vbpbrasil.xlsx (Versão: 2026 - 06)...
2026-09-02 13:11:58,015 - [ INFO ] - Lendo e empilhando planilha: tratado_vbp_dashboardvbp202607.xlsx (Versão: 2026 - 07)...
2026-09-02 13:12:00,228 - [ INFO ] - Consolidação salva: base_consolidada_09-2026.xlsx
2026-09-02 13:12:00,228 - [ INFO ] - --- GERANDO DASHBOARD VISUAL (HTML) ---
2026-09-02 13:12:00,309 - [ INFO ] - Montando painel com o histórico de versões até: 2026 - 07...
2026-09-02 13:12:00,419 - [ INFO ] - Sucesso! Relatório gerado em: /home/runner/work/AGCO-Agri-Income/AGCO-Agri-Income/index.html
2026-09-02 13:12:00,420 - [ INFO ] - --- GERANDO PÁGINA DE COTAÇÕES INTERNACIONAIS ---
2026-09-02 13:12:00,420 - [ INFO ] - --- COLETANDO HISTÓRICO DE TENDÊNCIAS (DESDE 2023) ---
2026-09-02 13:12:01,326 - [ INFO ] - Sucesso! Relatório de preços gerado em: /home/runner/work/AGCO-Agri-Income/AGCO-Agri-Income/precos.html
2026-09-03 13:13:10,232 - [ INFO ] - --- INICIANDO WEB SCRAPING ---
2026-09-03 13:13:11,286 - [ INFO ] - Baixando: dashboardvbp202607.xlsx...
2026-09-03 13:13:14,567 - [ INFO ] - Baixando: 202607vbpbrasil.xlsx...
2026-09-03 13:13:16,930 - [ INFO ] - Baixando: copy_of_202606vbpbrasil.xlsx...
2026-09-03 13:13:18,436 - [ INFO ] - Baixando: 202605vbpbrasil.xlsx...
2026-09-03 13:13:19,970 - [ INFO ] - Baixando: 202604vbpbrasil.xlsx...
2026-09-03 13:13:21,602 - [ INFO ] - Baixando: 202603vbpbrasil.xlsx...
2026-09-03 13:13:23,152 - [ INFO ] - Baixando: 202602vbpbrasil.xlsx...
2026-09-03 13:13:24,806 - [ INFO ] - Baixando: 202601vbpbrasil.xlsx...
2026-09-03 13:13:26,317 - [ INFO ] - --- INICIANDO PROCESSAMENTO DE DADOS ---
2026-09-03 13:13:26,317 - [ WARNING ] - Nenhum arquivo encontrado com o padrão: *_volume_*.xls*
2026-09-03 13:13:26,318 - [ INFO ] - Lendo e empilhando planilha: tratado_vbp_202601vbpbrasil.xlsx (Versão: 2026 - 01)...
2026-09-03 13:13:26,524 - [ INFO ] - Lendo e empilhando planilha: tratado_vbp_202602vbpbrasil.xlsx (Versão: 2026 - 02)...
2026-09-03 13:13:26,587 - [ INFO ] - Lendo e empilhando planilha: tratado_vbp_202603vbpbrasil.xlsx (Versão: 2026 - 03)...
2026-09-03 13:13:26,650 - [ INFO ] - Lendo e empilhando planilha: tratado_vbp_202604vbpbrasil.xlsx (Versão: 2026 - 04)...
2026-09-03 13:13:26,712 - [ INFO ] - Lendo e empilhando planilha: tratado_vbp_202605vbpbrasil.xlsx (Versão: 2026 - 05)...
2026-09-03 13:13:26,802 - [ INFO ] - Lendo e empilhando planilha: tratado_vbp_202607vbpbrasil.xlsx (Versão: 2026 - 07)...
2026-09-03 13:13:26,865 - [ INFO ] - Lendo e empilhando planilha: tratado_vbp_copy_of_202606vbpbrasil.xlsx (Versão: 2026 - 06)...
2026-09-03 13:13:26,927 - [ INFO ] - Lendo e empilhando planilha: tratado_vbp_dashboardvbp202607.xlsx (Versão: 2026 - 07)...
2026-09-03 13:13:28,607 - [ INFO ] - Consolidação salva: base_consolidada_09-2026.xlsx
2026-09-03 13:13:28,607 - [ INFO ] - --- GERANDO DASHBOARD VISUAL (HTML) ---
2026-09-03 13:13:28,682 - [ INFO ] - Montando painel com o histórico de versões até: 2026 - 07...
2026-09-03 13:13:28,780 - [ INFO ] - Sucesso! Relatório gerado em: /home/runner/work/AGCO-Agri-Income/AGCO-Agri-Income/index.html
2026-09-03 13:13:28,781 - [ INFO ] - --- GERANDO PÁGINA DE COTAÇÕES INTERNACIONAIS ---
2026-09-03 13:13:28,781 - [ INFO ] - --- COLETANDO HISTÓRICO DE TENDÊNCIAS (DESDE 2023) ---
2026-09-03 13:13:30,665 - [ INFO ] - Sucesso! Relatório de preços gerado em: /home/runner/work/AGCO-Agri-Income/AGCO-Agri-Income/precos.html
2026-09-04 13:06:36,851 - [ INFO ] - --- INICIANDO WEB SCRAPING ---
2026-09-04 13:06:39,472 - [ INFO ] - Baixando: dashboardvbp202607.xlsx...
2026-09-04 13:06:43,524 - [ INFO ] - Baixando: 202607vbpbrasil.xlsx...
2026-09-04 13:06:46,253 - [ INFO ] - Baixando: copy_of_202606vbpbrasil.xlsx...
2026-09-04 13:06:48,030 - [ INFO ] - Baixando: 202605vbpbrasil.xlsx...
2026-09-04 13:06:49,803 - [ INFO ] - Baixando: 202604vbpbrasil.xlsx...
2026-09-04 13:06:51,581 - [ INFO ] - Baixando: 202603vbpbrasil.xlsx...
2026-09-04 13:06:53,536 - [ INFO ] - Baixando: 202602vbpbrasil.xlsx...
2026-09-04 13:06:55,523 - [ INFO ] - Baixando: 202601vbpbrasil.xlsx...
2026-09-04 13:06:57,501 - [ INFO ] - --- INICIANDO PROCESSAMENTO DE DADOS ---
2026-09-04 13:06:57,502 - [ WARNING ] - Nenhum arquivo encontrado com o padrão: *_volume_*.xls*
2026-09-04 13:06:57,502 - [ INFO ] - Lendo e empilhando planilha: tratado_vbp_202601vbpbrasil.xlsx (Versão: 2026 - 01)...
2026-09-04 13:06:57,697 - [ INFO ] - Lendo e empilhando planilha: tratado_vbp_202602vbpbrasil.xlsx (Versão: 2026 - 02)...
2026-09-04 13:06:57,765 - [ INFO ] - Lendo e empilhando planilha: tratado_vbp_202603vbpbrasil.xlsx (Versão: 2026 - 03)...
2026-09-04 13:06:57,830 - [ INFO ] - Lendo e empilhando planilha: tratado_vbp_202604vbpbrasil.xlsx (Versão: 2026 - 04)...
2026-09-04 13:06:57,895 - [ INFO ] - Lendo e empilhando planilha: tratado_vbp_202605vbpbrasil.xlsx (Versão: 2026 - 05)...
2026-09-04 13:06:57,984 - [ INFO ] - Lendo e empilhando planilha: tratado_vbp_202607vbpbrasil.xlsx (Versão: 2026 - 07)...
2026-09-04 13:06:58,049 - [ INFO ] - Lendo e empilhando planilha: tratado_vbp_copy_of_202606vbpbrasil.xlsx (Versão: 2026 - 06)...
2026-09-04 13:06:58,114 - [ INFO ] - Lendo e empilhando planilha: tratado_vbp_dashboardvbp202607.xlsx (Versão: 2026 - 07)...
2026-09-04 13:07:00,265 - [ INFO ] - Consolidação salva: base_consolidada_09-2026.xlsx
2026-09-04 13:07:00,265 - [ INFO ] - --- GERANDO DASHBOARD VISUAL (HTML) ---
2026-09-04 13:07:00,344 - [ INFO ] - Montando painel com o histórico de versões até: 2026 - 07...
2026-09-04 13:07:00,443 - [ INFO ] - Sucesso! Relatório gerado em: /home/runner/work/AGCO-Agri-Income/AGCO-Agri-Income/index.html
2026-09-04 13:07:00,443 - [ INFO ] - --- GERANDO PÁGINA DE COTAÇÕES INTERNACIONAIS ---
2026-09-04 13:07:00,443 - [ INFO ] - --- COLETANDO HISTÓRICO DE TENDÊNCIAS (DESDE 2023) ---
2026-09-04 13:07:01,144 - [ INFO ] - Sucesso! Relatório de preços gerado em: /home/runner/work/AGCO-Agri-Income/AGCO-Agri-Income/precos.html
2026-09-07 14:44:23,782 - [ INFO ] - --- INICIANDO WEB SCRAPING ---
2026-09-07 14:44:24,908 - [ INFO ] - Baixando: dashboardvbp202607.xlsx...
2026-09-07 14:44:27,732 - [ INFO ] - Baixando: 202607vbpbrasil.xlsx...
2026-09-07 14:44:29,705 - [ INFO ] - Baixando: copy_of_202606vbpbrasil.xlsx...
2026-09-07 14:44:31,083 - [ INFO ] - Baixando: 202605vbpbrasil.xlsx...
2026-09-07 14:44:32,456 - [ INFO ] - Baixando: 202604vbpbrasil.xlsx...
2026-09-07 14:44:33,870 - [ INFO ] - Baixando: 202603vbpbrasil.xlsx...
2026-09-07 14:44:35,229 - [ INFO ] - Baixando: 202602vbpbrasil.xlsx...
2026-09-07 14:44:36,600 - [ INFO ] - Baixando: 202601vbpbrasil.xlsx...
2026-09-07 14:44:37,989 - [ INFO ] - --- INICIANDO PROCESSAMENTO DE DADOS ---
2026-09-07 14:44:37,989 - [ WARNING ] - Nenhum arquivo encontrado com o padrão: *_volume_*.xls*
2026-09-07 14:44:37,990 - [ INFO ] - Lendo e empilhando planilha: tratado_vbp_202601vbpbrasil.xlsx (Versão: 2026 - 01)...
2026-09-07 14:44:38,151 - [ INFO ] - Lendo e empilhando planilha: tratado_vbp_202602vbpbrasil.xlsx (Versão: 2026 - 02)...
2026-09-07 14:44:38,214 - [ INFO ] - Lendo e empilhando planilha: tratado_vbp_202603vbpbrasil.xlsx (Versão: 2026 - 03)...
2026-09-07 14:44:38,278 - [ INFO ] - Lendo e empilhando planilha: tratado_vbp_202604vbpbrasil.xlsx (Versão: 2026 - 04)...
2026-09-07 14:44:38,341 - [ INFO ] - Lendo e empilhando planilha: tratado_vbp_202605vbpbrasil.xlsx (Versão: 2026 - 05)...
2026-09-07 14:44:38,430 - [ INFO ] - Lendo e empilhando planilha: tratado_vbp_202607vbpbrasil.xlsx (Versão: 2026 - 07)...
2026-09-07 14:44:38,493 - [ INFO ] - Lendo e empilhando planilha: tratado_vbp_copy_of_202606vbpbrasil.xlsx (Versão: 2026 - 06)...
2026-09-07 14:44:38,556 - [ INFO ] - Lendo e empilhando planilha: tratado_vbp_dashboardvbp202607.xlsx (Versão: 2026 - 07)...
2026-09-07 14:44:40,232 - [ INFO ] - Consolidação salva: base_consolidada_09-2026.xlsx
2026-09-07 14:44:40,232 - [ INFO ] - --- GERANDO DASHBOARD VISUAL (HTML) ---
2026-09-07 14:44:40,306 - [ INFO ] - Montando painel com o histórico de versões até: 2026 - 07...
2026-09-07 14:44:40,409 - [ INFO ] - Sucesso! Relatório gerado em: /home/runner/work/AGCO-Agri-Income/AGCO-Agri-Income/index.html
2026-09-07 14:44:40,409 - [ INFO ] - --- GERANDO PÁGINA DE COTAÇÕES INTERNACIONAIS ---
2026-09-07 14:44:40,409 - [ INFO ] - --- COLETANDO HISTÓRICO DE TENDÊNCIAS (DESDE 2023) ---
2026-09-07 14:44:41,441 - [ INFO ] - Sucesso! Relatório de preços gerado em: /home/runner/work/AGCO-Agri-Income/AGCO-Agri-Income/precos.html
2026-09-08 13:16:25,786 - [ INFO ] - --- INICIANDO WEB SCRAPING ---
2026-09-08 13:16:27,041 - [ INFO ] - Baixando: dashboardvbp202607.xlsx...
2026-09-08 13:16:30,900 - [ INFO ] - Baixando: 202607vbpbrasil.xlsx...
2026-09-08 13:16:33,599 - [ INFO ] - Baixando: copy_of_202606vbpbrasil.xlsx...
2026-09-08 13:16:35,343 - [ INFO ] - Baixando: 202605vbpbrasil.xlsx...
2026-09-08 13:16:37,094 - [ INFO ] - Baixando: 202604vbpbrasil.xlsx...
2026-09-08 13:16:38,853 - [ INFO ] - Baixando: 202603vbpbrasil.xlsx...
2026-09-08 13:16:40,615 - [ INFO ] - Baixando: 202602vbpbrasil.xlsx...
2026-09-08 13:16:42,601 - [ INFO ] - Baixando: 202601vbpbrasil.xlsx...
2026-09-08 13:16:44,348 - [ INFO ] - --- INICIANDO PROCESSAMENTO DE DADOS ---
2026-09-08 13:16:44,349 - [ WARNING ] - Nenhum arquivo encontrado com o padrão: *_volume_*.xls*
2026-09-08 13:16:44,349 - [ INFO ] - Lendo e empilhando planilha: tratado_vbp_202601vbpbrasil.xlsx (Versão: 2026 - 01)...
2026-09-08 13:16:44,516 - [ INFO ] - Lendo e empilhando planilha: tratado_vbp_202602vbpbrasil.xlsx (Versão: 2026 - 02)...
2026-09-08 13:16:44,589 - [ INFO ] - Lendo e empilhando planilha: tratado_vbp_202603vbpbrasil.xlsx (Versão: 2026 - 03)...
2026-09-08 13:16:44,658 - [ INFO ] - Lendo e empilhando planilha: tratado_vbp_202604vbpbrasil.xlsx (Versão: 2026 - 04)...
2026-09-08 13:16:44,727 - [ INFO ] - Lendo e empilhando planilha: tratado_vbp_202605vbpbrasil.xlsx (Versão: 2026 - 05)...
2026-09-08 13:16:44,830 - [ INFO ] - Lendo e empilhando planilha: tratado_vbp_202607vbpbrasil.xlsx (Versão: 2026 - 07)...
2026-09-08 13:16:44,901 - [ INFO ] - Lendo e empilhando planilha: tratado_vbp_copy_of_202606vbpbrasil.xlsx (Versão: 2026 - 06)...
2026-09-08 13:16:44,972 - [ INFO ] - Lendo e empilhando planilha: tratado_vbp_dashboardvbp202607.xlsx (Versão: 2026 - 07)...
2026-09-08 13:16:47,154 - [ INFO ] - Consolidação salva: base_consolidada_09-2026.xlsx
2026-09-08 13:16:47,154 - [ INFO ] - --- GERANDO DASHBOARD VISUAL (HTML) ---
2026-09-08 13:16:47,238 - [ INFO ] - Montando painel com o histórico de versões até: 2026 - 07...
2026-09-08 13:16:47,363 - [ INFO ] - Sucesso! Relatório gerado em: /home/runner/work/AGCO-Agri-Income/AGCO-Agri-Income/index.html
2026-09-08 13:16:47,363 - [ INFO ] - --- GERANDO PÁGINA DE COTAÇÕES INTERNACIONAIS ---
2026-09-08 13:16:47,363 - [ INFO ] - --- COLETANDO HISTÓRICO DE TENDÊNCIAS (DESDE 2023) ---
2026-09-08 13:16:48,150 - [ INFO ] - Sucesso! Relatório de preços gerado em: /home/runner/work/AGCO-Agri-Income/AGCO-Agri-Income/precos.html
